date,cattle_exclud_calves_prod,lambs_prod,sheep_prod,pigs_prod,total_beef_prod,veel_prod,bulls_bullocks_steers_slaughterings,calves_slaughterings,cattle_exclu_calves_slaughterings,cows_heifers_slaughterings,lamb_slaughterings,pig_slaughterings,sheep_slaughterings
Jul-1972,121000,25184,39814,18028,209456,5430,,196,567,,1593,365,2117
Aug-1972,127842,24196,37682,20091,216225,6414,,251,605,,1600,409,2017
Sep-1972,111796,22955,33739,18718,192245,5037,,170,541,,1535,380,1814
Oct-1972,110565,27916,41975,20007,204724,4261,,129,537,,1904,408,2213
Nov-1972,109471,30101,48027,20629,212670,4442,,104,538,,1956,420,2480
Dec-1972,95889,26261,44494,17828,187932,3460,,69,476,,1660,376,2345
Jan-1973,109086,26283,48338,18472,206744,4565,,88,543,,1704,368,2556
Feb-1973,113374,19348,43000,18166,197938,4050,,71,569,,1254,363,2309
Mar-1973,132971,19876,46553,20582,224219,4237,,78,662,,1286,408,2503
Apr-1973,98570,17036,24575,17838,161131,3112,,63,491,,1069,349,1351
May-1973,144891,20612,25464,25266,221475,5242,,117,712,,1271,491,1358
Jun-1973,120563,18811,16914,20548,180949,4113,,117,593,,1146,407,896
Jul-1973,126906,19266,16988,21524,190080,5396,,213,605,,1148,421,849
Aug-1973,144288,20424,16614,21588,209196,6282,,255,691,,1220,425,819
Sep-1973,135437,21230,17314,18521,196825,4323,,147,632,,1261,362,845
Oct-1973,131708,27013,21425,20242,204253,3865,,104,613,,1630,396,1023
Nov-1973,119565,25261,26943,18985,194194,3440,,65,560,,1476,373,1283
Dec-1973,86118,18252,20764,16590,143971,2247,,40,414,,1089,348,998
Jan-1974,84966,19081,23117,15174,144369,2031,,39,412,,1144,297,1100
Feb-1974,85445,16358,21698,14975,140804,2328,,38,412,,962,294,1063
Mar-1974,85717,17600,21701,16095,143561,2448,,49,409,,1011,317,1082
Apr-1974,83822,17234,16094,15814,136172,3208,,65,401,,1001,315,806
May-1974,99777,17548,15113,16757,152731,3536,,81,474,,1026,325,763
Jun-1974,95363,16886,13548,14771,144169,3601,,102,442,,980,297,676
Jul-1974,86676,19492,12750,16126,140632,5588,,208,409,,1136,350,630
Aug-1974,89159,20084,14345,14338,143192,5266,,217,418,,1178,278,699
Sep-1974,113703,24958,18059,15539,176892,4633,,163,512,,1494,302,871
Oct-1974,141719,31904,23013,16561,217580,4383,,133,646,,1899,322,1104
Nov-1974,143763,28126,21910,16087,213382,3496,,84,637,,1664,317,1058
Dec-1974,125779,23684,21466,14239,188170,3002,,63,574,,1401,294,1045
Jan-1975,123489,23176,24844,12721,188044,3814,,78,577,,1373,245,1220
Feb-1975,122388,20077,25885,12711,184716,3655,,77,567,,1187,249,1283
Mar-1975,121229,19836,26994,13760,185798,3979,,87,573,,1180,271,1356
Apr-1975,135650,19861,26607,14457,201633,5058,,126,641,,1185,279,1350
May-1975,144014,19751,21970,14479,205601,5387,,134,676,,1182,279,1100
Jun-1975,145210,19288,19978,14053,204453,5924,,167,685,,1157,268,1010
Jul-1975,164721,20750,23001,15914,233544,9158,,314,755,,1259,299,1161
Aug-1975,133718,19361,20067,13395,194086,7545,,274,631,,1216,257,1007
Sep-1975,143598,22585,23270,14759,211530,7318,,249,679,,1429,277,1143
Oct-1975,151387,26762,28016,15665,228000,6170,,170,718,,1661,297,1415
Nov-1975,122951,22609,27606,14555,192630,4909,,114,590,,1389,277,1408
Dec-1975,127590,21794,29386,15354,198750,4626,,93,623,,1347,305,1483
Jan-1976,119029,21003,28200,12152,185374,4990,,95,595,,1270,229,1444
Feb-1976,144696,19619,29176,12935,212772,6346,,109,713,,1193,244,1525
Mar-1976,162230,23008,32145,14910,240196,7903,,143,800,,1389,281,1703
Apr-1976,152754,21889,29369,14060,226244,8172,,166,757,,1311,265,1559
May-1976,169794,21155,29821,14940,243930,8220,,175,839,,1282,278,1578
Jun-1976,164121,21636,25492,15186,234904,8469,,209,809,,1312,286,1355
Jul-1976,165398,22483,23225,16066,238759,11587,422,361,814,382,1377,300,1253
Aug-1976,151377,21398,21524,16016,221756,11441,390,395,760,359,1369,299,1231
Sep-1976,155971,22696,24826,15878,229522,10151,411,321,777,355,1475,297,1345
Oct-1976,145423,22791,25181,14681,216190,8114,387,221,716,319,1456,281,1344
Nov-1976,135540,24591,29018,15947,212543,7447,361,171,678,312,1539,301,1521
Dec-1976,133240,20404,31133,16592,207926,6557,351,131,681,328,1249,323,1608
Jan-1977,134896,18685,29320,12528,201547,6118,340,126,684,341,1135,235,1557
Feb-1977,159770,19247,32805,13541,232812,7449,385,131,817,430,1188,256,1765
Mar-1977,179760,20154,29644,16343,253362,7461,425,144,910,483,1231,306,1614
Apr-1977,160502,17585,22241,14571,221224,6325,387,134,812,421,1070,271,1202
May-1977,179402,17817,19874,15585,239640,6962,421,147,902,469,1077,288,1081
Jun-1977,188522,17698,14921,17335,246840,8364,452,201,948,482,1122,322,806
Jul-1977,179131,19339,14285,17318,240337,10264,437,309,898,449,1127,319,774
Aug-1977,180428,21804,16485,18064,249433,12652,451,413,892,428,1337,331,886
Sep-1977,187965,25339,20392,16738,261050,10616,477,323,934,442,1556,310,1065
Oct-1977,179832,27107,26993,16309,259266,9025,454,225,886,415,1670,302,1370
Nov-1977,182627,25375,31288,17644,265662,8728,463,190,908,432,1545,330,1592
Dec-1977,145428,20461,29579,16490,217973,6015,382,121,737,352,1241,325,1527
Jan-1978,152503,21164,28596,13513,223019,7243,373,144,783,407,1285,251,1506
Feb-1978,158122,18016,26019,14869,224439,7413,387,134,804,414,1093,277,1388
Mar-1978,179110,20123,23797,16437,247080,7613,432,146,901,464,1230,305,1285
Apr-1978,161857,18173,15608,15685,218643,7320,414,149,813,388,1095,287,854
May-1978,191448,19457,17803,18624,256223,8891,485,188,966,466,1173,339,981
Jun-1978,181442,16482,9935,17389,233415,8167,447,191,913,448,984,317,545
Jul-1978,169873,16749,10007,16803,222603,9171,424,291,844,419,1006,305,533
Aug-1978,174525,23009,13429,18216,239523,10344,452,361,864,412,1380,333,692
Sep-1978,166890,27038,16060,16206,233166,6972,449,228,814,364,1603,291,805
Oct-1978,179113,32575,24236,17126,259303,6253,473,158,869,397,1903,305,1143
Nov-1978,181102,27111,26940,18405,259325,5767,485,119,883,399,1560,333,1300
Dec-1978,145545,20606,21628,15834,207730,4117,388,77,705,317,1173,302,1047
Jan-1979,153875,20140,22715,14751,216123,4642,395,86,747,352,1182,267,1121
Feb-1979,169946,18232,24696,14456,231992,4662,423,81,826,403,1073,263,1246
Mar-1979,181616,18232,24416,15994,245111,4853,436,88,891,454,1077,291,1262
Apr-1979,143612,15718,18761,15344,197984,4549,343,94,707,364,919,278,972
May-1979,152237,17211,21430,19012,214903,5013,370,118,750,380,1007,333,1114
Jun-1979,129227,15897,14555,16415,180297,4203,324,120,627,303,928,288,745
Jul-1979,128668,21992,14050,17799,188594,6085,347,219,613,266,1299,308,704
Aug-1979,136727,31444,20481,19167,215717,7898,372,310,656,283,1920,335,1039
Sep-1979,137419,30614,20698,17247,211497,5519,381,189,649,268,1875,300,1032
Oct-1979,154480,32994,28683,19105,240028,4766,418,135,727,309,1989,337,1392
Nov-1979,124397,25419,31904,19118,204410,3572,340,82,592,252,1500,342,1570
Dec-1979,98992,20109,27649,16802,166248,2696,270,56,478,208,1182,320,1354
Jan-1980,111438,20863,32128,16374,184223,3420,299,72,543,244,1243,290,1619
Feb-1980,111932,18159,28122,16183,177751,3355,280,65,549,269,1076,293,1473
Mar-1980,108116,17245,23240,16083,168004,3320,279,71,537,258,1048,288,1240
Apr-1980,135920,19938,23807,20202,204808,4941,328,117,686,359,1230,351,1274
May-1980,143330,17313,15721,20607,201523,4552,354,109,733,379,1063,366,870
Jun-1980,119006,15682,8850,19364,166795,3893,320,113,589,269,968,348,486
Jul-1980,145331,22594,11122,21782,206954,6125,398,238,700,302,1381,391,586
Aug-1980,131046,25053,13444,20265,196061,6253,362,259,631,270,1533,366,678
Sep-1980,136444,28696,22789,19238,212703,5536,370,190,676,306,1728,347,1119
Oct-1980,137775,29979,36697,20944,230121,4726,373,136,685,312,1804,376,1794
Nov-1980,103057,23073,34355,20176,184059,3398,282,82,506,224,1358,361,1672
Dec-1980,97916,22034,36115,19696,178491,2730,267,61,485,218,1305,377,1779
Jan-1981,89779,21136,35051,15872,164925,3087,240,63,440,200,1262,291,1782
Feb-1981,95745,19859,34148,16823,169329,2754,249,54,470,221,1176,303,1798
Mar-1981,109097,21912,27322,19383,181096,3382,283,67,530,246,1292,345,1451
Apr-1981,113367,22825,21690,19428,181108,3797,292,90,564,272,1344,354,1179
May-1981,136446,21795,17271,19650,199100,3938,347,103,680,333,1284,353,928
Jun-1981,121659,20266,8937,19739,174402,3800,325,120,606,281,1181,352,483
Jul-1981,133352,21955,8716,20918,190664,5724,367,225,648,281,1314,374,463
Aug-1981,111060,20332,8268,19954,166080,6467,310,269,529,219,1222,354,419
Sep-1981,122388,26463,14974,19886,189107,5395,354,204,581,227,1600,354,743
Oct-1981,128484,28329,23818,18864,203678,4184,364,120,605,241,1693,333,1173
Nov-1981,101046,23722,20220,19016,167085,3081,287,68,476,190,1406,349,1020
Dec-1981,111106,23893,26022,20984,185171,3166,299,64,523,224,1405,392,1288
Jan-1982,109335,22641,28544,15200,178753,3032,296,63,524,228,1321,269,1443
Feb-1982,127000,21115,26980,16544,194845,3205,325,63,592,268,1234,293,1375
Mar-1982,148191,23944,26142,19378,221471,3816,376,77,697,322,1396,348,1354
Apr-1982,133499,20926,19698,18386,196020,3511,342,86,621,280,1226,321,1021
May-1982,147878,20325,16485,19294,207779,3797,383,99,695,312,1179,329,856
Jun-1982,152901,23117,14130,20001,214727,4578,394,135,727,333,1335,344,710
Jul-1982,161643,25795,13084,20128,226617,5967,436,224,761,325,1476,346,676
Aug-1982,125114,26941,13597,19067,192205,7485,341,323,605,263,1606,330,707
Sep-1982,159105,30344,24395,20934,242230,7452,433,268,775,341,1842,361,1245
Oct-1982,125099,26512,27665,18831,203132,5025,346,138,620,274,1602,324,1417
Nov-1982,119018,24711,32317,20564,201525,4914,317,106,598,281,1483,358,1638
Dec-1982,112550,23915,31204,21492,193539,4378,282,88,577,295,1429,394,1574
Jan-1983,97274,20925,24788,16047,162937,3905,252,76,498,246,1250,284,1284
Feb-1983,112204,21119,24611,17403,179853,4517,280,88,571,291,1320,308,1326
Mar-1983,131695,23440,20852,21092,202001,4922,335,101,675,340,1431,372,1153
Apr-1983,114298,17825,15490,18981,170788,4194,285,94,581,295,1106,323,879
May-1983,106269,17538,12436,21363,161406,3800,268,95,538,271,1064,365,698
Jun-1983,117367,21374,9328,23168,175922,4686,302,141,576,274,1270,397,508
Jul-1983,121870,23394,8634,20753,180280,5628,327,212,580,254,1372,358,462
Aug-1983,126557,29971,9336,21998,195006,7144,342,287,601,259,1749,381,491
Sep-1983,126573,29804,10383,21060,192651,4831,343,184,590,248,1726,363,515
Oct-1983,118139,29619,15643,20737,187264,3126,317,91,546,229,1722,353,746
Nov-1983,107146,26394,19298,22580,178239,2822,288,62,495,207,1502,394,927
Dec-1983,83020,22272,15219,21842,144563,2209,231,46,394,163,1293,395,729
Jan-1984,83636,22044,15945,17808,141684,2251,225,46,390,165,1272,311,745
Feb-1984,105744,21848,18234,19880,167958,2252,263,43,472,208,1269,348,897
Mar-1984,104397,21895,16440,21766,166845,2347,267,49,469,202,1268,376,824
Apr-1984,90834,20950,14802,19107,148140,2447,244,61,418,174,1202,334,766
May-1984,116614,24836,13748,23296,181943,3449,304,92,535,231,1416,404,703
Jun-1984,118701,22842,11441,22452,178974,3538,315,114,540,224,1317,385,568
Jul-1984,126365,23305,9632,22530,187087,5255,323,213,568,244,1345,383,461
Aug-1984,113883,24368,10745,23335,178536,6204,306,263,518,212,1455,395,529
Sep-1984,98734,23561,14469,21384,162348,4200,268,157,445,178,1426,364,715
Oct-1984,102625,29018,22569,21763,179181,3206,277,90,466,189,1696,394,1088
Nov-1984,95661,26480,24057,21920,170333,2215,255,53,435,180,1536,379,1165
Dec-1984,75531,23436,17518,21667,139966,1814,206,37,352,147,1341,401,848
Jan-1985,91318,26581,21906,19794,162023,2423,238,49,418,180,1520,339,1058
Feb-1985,93582,24132,23349,18682,161824,2079,236,40,427,192,1387,319,1133
Mar-1985,119975,24626,21692,22741,191830,2797,294,54,544,250,1411,393,1077
Apr-1985,111342,24571,17434,21183,177243,2714,284,66,514,230,1431,363,882
May-1985,133505,26401,18480,23532,205304,3385,334,88,626,292,1534,393,943
Jun-1985,108032,24276,12887,21791,170158,3173,281,103,510,229,1397,366,645
Jul-1985,122372,27095,13899,24097,192053,4589,311,170,562,251,1611,398,702
Aug-1985,104233,26481,13567,23282,173563,6001,282,251,480,199,1574,383,704
Sep-1985,103638,27287,18358,22398,175940,4259,287,164,472,185,1633,369,921
Oct-1985,112789,33724,23364,24152,197256,3226,298,103,510,212,2007,409,1159
Nov-1985,103738,29323,27744,23748,186969,2415,270,61,469,199,1747,403,1352
Dec-1985,94351,25374,23727,22733,167991,1806,239,46,426,188,1507,405,1167
Jan-1986,105715,27515,24898,20228,180743,2387,266,55,479,213,1622,341,1240
Feb-1986,111518,24800,29076,19677,187204,2133,267,47,500,233,1454,336,1458
Mar-1986,114603,25802,24932,21540,189399,2522,275,57,520,245,1523,360,1255
Apr-1986,133771,27795,23629,22238,211583,4150,315,94,617,302,1683,373,1191
May-1986,121532,23865,18440,23421,190766,3507,290,93,578,289,1449,389,956
Jun-1986,115822,21206,16355,23401,180629,3845,281,105,544,263,1300,385,848
Jul-1986,133363,22250,17732,24911,203783,5527,335,197,608,274,1384,420,904
Aug-1986,116793,21285,19903,23895,187846,5970,303,257,539,236,1342,398,1020
Sep-1986,124029,25424,21916,24173,200365,4823,321,184,575,254,1539,400,1175
Oct-1986,131041,30541,29588,24880,219374,3324,349,93,604,255,1840,419,1481
Nov-1986,118337,27431,26462,22731,197100,2138,316,50,539,223,1647,380,1337
Dec-1986,112062,26934,27164,24638,192651,1853,291,41,508,217,1575,432,1359
Jan-1987,105547,23837,29133,20725,181324,2083,264,44,479,215,1402,349,1460
Feb-1987,118358,22012,31016,20856,194362,2120,278,43,534,256,1297,350,1582
Mar-1987,129644,24895,28474,23481,208907,2414,302,50,587,286,1461,390,1465
Apr-1987,131655,25384,22501,23299,205945,3105,312,75,595,282,1493,390,1157
May-1987,133059,24110,18643,24716,203535,3008,312,80,611,299,1398,406,968
Jun-1987,127204,22371,15112,24525,192480,3268,313,108,584,271,1320,401,777
Jul-1987,140156,24196,17355,26265,212603,4631,354,171,629,276,1435,426,880
Aug-1987,119800,22099,17486,23723,188124,5016,326,221,539,213,1303,389,890
Sep-1987,126989,26386,24605,25275,208036,4781,350,190,565,214,1570,416,1239
Oct-1987,144805,29785,33682,25574,236946,3100,387,107,637,250,1792,425,1672
Nov-1987,130235,27021,33512,24125,217270,2376,347,55,571,224,1583,404,1654
Dec-1987,118919,24700,30869,25737,202348,2122,308,45,530,222,1462,447,1572
Jan-1988,109250,23271,29661,20560,184839,2097,275,42,485,210,1349,348,1537
Feb-1988,134666,24117,32946,23160,217321,2432,314,44,601,287,1426,385,1725
Mar-1988,151367,27157,30844,26116,238487,3004,363,59,676,313,1585,435,1609
Apr-1988,120489,22499,17241,23271,186235,2735,285,64,546,261,1278,382,903
May-1988,126236,22579,13845,26152,191766,2955,301,83,575,275,1274,427,717
Jun-1988,126271,19631,10592,26815,186601,3292,311,103,574,263,1131,440,553
Jul-1988,111121,20763,11475,24134,170681,3188,276,120,502,226,1195,399,585
Aug-1988,130140,25764,15696,26869,203533,5064,337,209,571,235,1483,443,781
Sep-1988,139170,28006,21152,26150,218326,3848,372,146,598,226,1594,428,1022
Oct-1988,127607,26705,23982,24937,205657,2427,337,72,541,204,1518,399,1125
Nov-1988,137431,27407,29448,26529,223262,2449,368,55,583,216,1561,431,1402
Dec-1988,102429,22001,24429,26727,176974,1388,282,31,445,163,1281,447,1172
Jan-1989,94307,22640,24355,21841,164833,1690,247,31,411,164,1303,359,1179
Feb-1989,120797,23336,27006,23802,196907,1966,308,35,510,202,1313,387,1323
Mar-1989,122890,22756,22879,26016,196420,1879,320,41,516,196,1284,425,1107
Apr-1989,113223,22204,19175,24851,181620,2166,287,51,480,193,1246,399,962
May-1989,130101,24920,18681,28463,205015,2851,335,77,556,221,1391,448,932
Jun-1989,130157,23096,15549,27822,199814,3191,343,104,559,216,1280,444,769
Jul-1989,133358,23564,17589,25713,203898,3673,345,127,565,220,1335,400,869
Aug-1989,141782,28227,24627,27292,227233,5304,377,206,601,223,1621,432,1207
Sep-1989,138410,26972,27700,26211,223317,4025,372,142,582,210,1559,414,1340
Oct-1989,141038,31632,26972,25259,227741,2841,375,81,589,214,1658,395,1279
Nov-1989,149679,27622,30997,27197,237877,2382,403,50,625,222,1579,423,1456
Dec-1989,123718,22646,27114,25640,200561,1443,330,29,518,189,1294,414,1277
Jan-1990,122090,23400,32404,23354,203328,2081,313,38,512,199,1359,371,1543
Feb-1990,136684,21228,33593,24525,217899,1868,346,33,569,222,1238,377,1616
Mar-1990,151457,21842,35432,27877,239032,2423,392,45,633,241,1246,431,1717
Apr-1990,111087,21035,24553,25436,184574,2463,279,57,483,204,1216,391,1234
May-1990,147086,24310,28512,30483,233816,3424,366,86,647,281,1380,461,1413
Jun-1990,145126,22538,23290,28131,222366,3281,356,100,623,267,1313,431,1135
Jul-1990,147920,23635,22054,26799,224347,3939,372,130,626,254,1365,414,1066
Aug-1990,145616,25096,25817,27514,229744,5701,379,224,623,244,1438,424,1244
Sep-1990,148452,26179,29450,26403,234856,4372,392,160,621,229,1476,407,1361
Oct-1990,158129,29779,34945,26279,252317,3185,426,98,663,237,1705,408,1652
Nov-1990,157212,28262,34130,26726,248538,2208,422,47,651,228,1590,407,1711
Dec-1990,130807,21696,33784,25848,213722,1586,355,30,555,200,1222,426,1563
Jan-1991,115897,23083,40016,23410,204451,2045,297,36,508,211,1312,362,1845
Feb-1991,129517,20434,41790,24384,217978,1853,317,33,549,232,1142,380,1962
Mar-1991,137182,21102,37702,25720,223873,2167,325,40,585,261,1233,406,1773
Apr-1991,140256,23650,31442,25469,223316,2499,334,55,614,279,1292,394,1528
May-1991,171846,24632,29780,26165,255946,3524,394,86,741,347,1437,433,1484
Jun-1991,140402,19892,20534,27399,211481,3254,345,89,612,267,1145,405,1025
Jul-1991,149658,21917,24789,28450,228826,4011,368,125,650,282,1276,434,1185
Aug-1991,142845,21662,24160,28155,222348,5526,359,203,614,255,1279,425,1186
Sep-1991,145050,24966,27999,27633,230264,4617,375,170,627,253,1459,410,1331
Oct-1991,158910,28217,37362,28039,256392,3863,418,115,689,270,1651,421,1770
Nov-1991,155561,23599,42769,28764,253169,2475,374,58,659,285,1369,439,1961
Dec-1991,124272,21125,36280,27292,210541,1572,310,33,537,227,1223,434,1701
Jan-1992,115957,22756,35922,25595,202466,2236,289,39,524,235,1294,392,1741
Feb-1992,147087,20835,37411,26234,233599,2032,341,38,644,303,1182,405,1803
Mar-1992,160313,23184,38125,28870,252802,2310,370,44,691,321,1308,446,1855
Apr-1992,149346,23116,33079,28450,236983,2993,355,68,681,327,1304,431,1597
May-1992,155403,21952,29186,28843,238690,3305,355,79,686,331,1224,439,1430
Jun-1992,148351,21342,25137,29460,227465,3175,349,96,648,299,1199,456,1213
Jul-1992,153888,22008,24256,30098,234107,3857,360,125,661,301,1269,444,1196
Aug-1992,144428,21819,24640,28300,224299,5112,347,194,597,250,1276,429,1197
Sep-1992,161959,25373,28856,29850,250655,4617,400,169,688,288,1446,449,1383
Oct-1992,157751,26925,34228,27773,249641,2964,383,89,666,283,1504,424,1597
Nov-1992,163088,23045,34278,28156,250513,1947,383,45,647,265,1336,433,1632
Dec-1992,140024,22307,31457,30159,225645,1698,327,35,580,252,1254,480,1545
Jan-1993,118170,20560,29770,22430,192920,1990,281,36,489,208,1083,351,1292
Feb-1993,135347,19583,31749,25267,214121,2176,328,37,560,232,1101,397,1506
Mar-1993,158776,23854,37337,29505,252214,2742,375,50,658,284,1337,459,1754
Apr-1993,144986,22447,32020,28624,231392,3315,348,65,607,259,1263,436,1508
May-1993,152269,23169,33049,28771,240900,3643,366,81,630,264,1302,437,1546
Jun-1993,156174,22333,28315,31102,242816,4893,358,110,660,301,1263,465,1370
Jul-1993,155552,19122,27091,30218,236319,4336,369,118,653,284,1121,458,1276
Aug-1993,154156,18886,25714,29184,233371,5432,360,191,621,261,1096,440,1211
Sep-1993,155811,21638,33078,31497,246759,4735,373,157,649,275,1252,468,1524
Oct-1993,150122,23276,33623,27642,237329,2664,368,70,634,266,1348,427,1544
Nov-1993,160923,22874,39162,29166,254283,2157,377,40,650,273,1310,438,1809
Dec-1993,131521,20921,36973,31232,222687,2041,308,35,542,234,1192,483,1706
Jan-1994,120629,19490,31871,24894,199430,2546,272,37,488,216,1075,381,1507
Feb-1994,148686,21764,35139,27184,234873,2100,320,34,596,276,1191,415,1655
Mar-1994,159222,25818,33578,32746,253927,2563,352,44,638,286,1451,488,1609
Apr-1994,144824,22502,29074,29336,228266,2530,310,57,576,266,1240,431,1389
May-1994,164563,26109,31240,31391,256588,3285,349,82,660,312,1435,466,1467
Jun-1994,140214,24399,24177,32339,225320,4191,311,127,584,273,1330,478,1134
Jul-1994,143530,22613,22432,28643,221047,3829,319,112,578,260,1253,425,1085
Aug-1994,156270,26741,25331,30632,245061,6087,348,217,637,288,1477,459,1257
Sep-1994,175190,25152,34105,31568,271134,5119,395,170,690,294,1436,455,1664
Oct-1994,152933,22984,35143,29736,244119,3322,367,99,630,262,1332,437,1708
Nov-1994,163080,24320,40930,31657,262493,2506,405,58,666,262,1366,461,1939
Dec-1994,136467,19404,32290,30641,220348,1547,338,31,557,220,1132,470,1579
Jan-1995,115049,21427,32080,25724,196258,1976,266,36,475,209,1306,386,1587
Feb-1995,127706,20849,29630,27020,207028,1823,291,33,521,229,1177,412,1497
Mar-1995,153279,24104,32615,31930,244544,2616,338,48,622,284,1358,458,1650
Apr-1995,127870,20239,23936,28286,202445,2114,286,52,524,238,1175,399,1228
May-1995,160569,22023,25983,35082,246758,3100,340,82,667,327,1247,480,1338
Jun-1995,153665,18112,19113,33946,228607,3770,363,111,653,290,1031,475,969
Jul-1995,131250,17951,19226,29206,201040,3407,310,112,544,234,998,418,950
Aug-1995,149999,22453,21764,31870,231231,5145,356,186,619,264,1235,442,1043
Sep-1995,146236,24662,24086,30327,229718,4408,338,164,595,256,1328,435,1129
Oct-1995,135349,26924,29429,28612,223217,2902,318,86,561,243,1446,411,1353
Nov-1995,159401,24557,30100,29343,245688,2287,372,52,631,260,1320,427,1371
Dec-1995,124130,19718,24116,29606,198976,1406,289,30,503,213,1061,447,1113
Jan-1996,124731,21347,29512,25874,203420,1957,281,36,511,230,1126,383,1339
Feb-1996,149874,21377,30413,26899,230452,1888,331,34,601,270,1132,399,1441
Mar-1996,156367,21869,29784,28156,238193,2018,367,40,623,255,1166,413,1423
Apr-1996,136597,21685,25562,27470,213533,2219,326,57,550,224,1163,394,1217
May-1996,159125,23407,25421,31496,242471,3023,377,83,648,271,1240,446,1225
Jun-1996,137864,18771,20163,28254,208165,3114,323,105,565,242,1009,402,978
Jul-1996,141024,19716,18347,30152,212778,3540,335,116,577,243,1090,430,899
Aug-1996,134929,20602,19617,27756,208864,5961,310,233,554,244,1140,392,958
Sep-1996,134198,22255,22263,26426,209661,4519,309,176,551,241,1224,386,1058
Oct-1996,151699,26264,28525,27529,237268,3252,346,108,616,270,1438,387,1341
Nov-1996,150932,22344,29491,27030,231990,2193,353,49,605,252,1211,388,1383
Dec-1996,121102,21128,25025,28379,197337,1703,287,34,497,209,1129,419,1184
Jan-1997,131278,22982,28844,25587,211136,2446,300,45,544,244,1217,369,1380
Feb-1997,156014,21903,28320,26145,234561,2178,352,39,631,279,1170,378,1389
Mar-1997,151083,21545,25758,26053,226659,2220,335,49,611,276,1155,381,1261
Apr-1997,169455,25459,27564,29567,255351,3306,365,86,701,337,1358,420,1361
May-1997,174358,24791,23981,30752,257211,3329,358,95,727,369,1316,425,1205
Jun-1997,156127,21290,18416,30221,229511,3457,318,111,656,338,1131,421,919
Jul-1997,169720,22335,19769,31358,247704,4522,355,149,715,360,1196,443,986
Aug-1997,160903,20833,23539,28347,239667,6044,347,237,673,326,1121,400,1149
Sep-1997,161053,24358,27046,29173,247761,6130,369,237,669,300,1307,412,1302
Oct-1997,167562,26743,33753,29712,261795,4025,372,128,694,323,1431,417,1596
Nov-1997,158480,24088,31958,27636,244840,2679,349,63,651,302,1274,393,1529
Dec-1997,140653,23545,30617,29617,226510,2079,294,41,596,302,1249,440,1474
Jan-1998,133715,22888,33798,26548,219427,2478,280,47,577,297,1204,387,1641
Feb-1998,161643,23394,34153,28112,249781,2478,327,44,669,342,1220,407,1692
Mar-1998,166954,24559,30839,30258,255450,2842,351,57,699,348,1287,431,1536
Apr-1998,163173,24912,26405,30792,248838,3556,328,79,703,375,1311,432,1324
May-1998,164193,23483,21431,33120,245719,3492,312,83,708,395,1220,461,1102
Jun-1998,163039,22483,19260,33818,242439,3840,309,103,698,388,1174,467,968
Jul-1998,173093,26094,20603,33897,258289,4601,335,145,722,387,1347,468,1013
Aug-1998,156291,23883,20896,29748,236187,5369,307,212,643,336,1248,417,986
Sep-1998,166821,29142,25391,31429,258555,5772,337,226,687,349,1511,440,1192
Oct-1998,178138,28713,31182,30554,271985,3398,357,112,716,359,1472,426,1423
Nov-1998,168581,27675,30674,29900,259418,2588,333,57,678,345,1399,421,1421
Dec-1998,149050,24727,27063,30861,233397,1697,305,36,607,302,1333,454,1291
Jan-1999,138508,23845,27998,25360,217522,1812,269,35,558,288,1228,360,1326
Feb-1999,172214,24371,30591,29348,258415,1892,335,36,677,343,1252,423,1467
Mar-1999,180539,27027,29581,32240,271377,1990,364,46,705,341,1392,455,1464
Apr-1999,160523,24327,25038,30218,242372,2267,304,57,632,327,1250,415,1235
May-1999,166786,24496,25315,33312,252699,2790,314,80,665,351,1246,449,1239
Jun-1999,162193,27769,21975,32984,248537,3616,311,116,651,339,1403,447,1069
Jul-1999,166908,26556,22499,30176,249532,3394,329,123,653,324,1347,416,1074
Aug-1999,158394,25111,24397,30489,243854,5463,322,232,621,299,1304,421,1156
Sep-1999,167128,30493,27383,29717,259748,5027,359,203,645,286,1561,416,1282
Oct-1999,167897,29597,29979,28410,258598,2714,351,87,643,292,1510,389,1369
Nov-1999,174650,28757,30577,28870,265076,2223,375,53,660,284,1485,401,1420
Dec-1999,140035,26491,29180,31077,228537,1753,289,36,544,255,1368,444,1357
Jan-2000,121698,24826,29497,26784,204623,1818,236,35,471,235,1249,375,1403
Feb-2000,167699,28471,32157,28932,259345,2086,323,42,639,316,1421,403,1551
Mar-2000,182901,31585,32481,32414,281875,2493,361,55,696,335,1586,451,1589
Apr-2000,141531,27044,24207,27742,222673,2150,276,57,544,267,1341,388,1188
May-2000,181570,34546,27051,35071,281525,3287,342,92,701,360,1696,473,1326
Jun-2000,181909,33845,23804,33172,275904,3173,330,108,704,374,1690,446,1144
Jul-2000,159677,29612,23071,29640,244978,2977,305,112,624,318,1482,409,1078
Aug-2000,181505,33569,29540,32114,282609,5882,356,242,691,335,1687,437,1360
Sep-2000,180722,31407,30614,28954,276268,4570,374,170,678,304,1584,392,1417
Oct-2000,186852,33869,32425,28667,284700,2887,380,91,698,318,1725,394,1497
Nov-2000,184944,33206,34329,30175,284578,1923,368,44,693,326,1692,416,1593
Dec-2000,147500,26234,26524,30698,232691,1735,301,33,564,263,1356,430,1234
Jan-2001,137284,29701,32625,27415,229075,2050,271,39,529,257,1517,384,1568
Feb-2001,171376,30218,30933,28449,262550,1574,334,33,653,319,1510,401,1519
Mar-2001,193472,30948,30574,31455,288567,2119,382,48,731,349,1572,432,1543
Apr-2001,162345,27554,24481,29516,245754,1858,323,49,619,297,1412,402,1218
May-2001,201061,34093,29705,35420,303288,3011,387,87,770,383,1713,478,1458
Jun-2001,179216,27021,22704,32664,264493,2888,345,92,691,346,1381,440,1144
Jul-2001,183047,26180,23581,32136,268259,3314,364,110,695,331,1334,431,1160
Aug-2001,180769,27819,25225,33973,272668,4882,367,208,690,323,1414,453,1205
Sep-2001,170747,26703,23493,32101,256506,3462,364,142,645,281,1365,427,1112
Oct-2001,180544,33407,29755,32649,278975,2620,386,84,687,301,1692,441,1387
Nov-2001,170218,32961,29484,30014,264359,1682,353,41,647,294,1665,418,1379
Dec-2001,118189,26039,22936,32738,201074,1173,245,25,452,207,1324,463,1097
Jan-2002,128139,30060,28958,30908,220187,2123,253,40,494,242,1504,427,1390
Feb-2002,160031,28593,25618,30899,247030,1889,314,35,607,293,1413,432,1271
Mar-2002,162771,27343,23880,32553,248512,1966,318,43,620,301,1340,449,1206
Apr-2002,168328,29688,23238,34132,257817,2431,328,62,645,317,1454,462,1184
May-2002,204948,31757,22953,38302,301021,3061,394,84,788,394,1557,525,1167
Jun-2002,168434,27397,17188,35129,250991,2844,316,90,655,340,1338,474,883
Jul-2002,181560,28381,21999,37028,272239,3271,356,109,703,348,1418,506,1119
Aug-2002,178329,24056,24451,34163,266452,5454,354,230,694,340,1272,470,1220
Sep-2002,175026,25424,27369,34153,268393,6421,346,200,681,334,1350,464,1354
Oct-2002,194799,30272,29221,34684,291371,2395,384,104,765,381,1595,471,1493
Nov-2002,190160,29483,28143,31846,280806,1173,398,45,760,362,1560,448,1400
Dec-2002,142232,25188,23712,33478,226568,1958,283,41,557,274,1284,475,1186
Jan-2003,146063,28593,26730,34334,238409,2688,287,45,583,296,1460,476,1373
Feb-2003,164731,28866,24953,33823,255022,2649,328,44,658,330,1458,463,1300
Mar-2003,162389,27763,17906,34557,245872,3257,326,68,651,325,1389,470,941
Apr-2003,158989,27884,15697,35016,240439,2853,303,76,647,344,1400,476,827
May-2003,177641,28900,15774,39721,264997,2960,345,88,721,376,1446,531,817
Jun-2003,162693,24597,12263,36753,239445,3140,296,97,663,368,1238,494,627
Jul-2003,166754,25318,11835,39386,246747,3455,309,117,673,364,1274,528,590
Aug-2003,154778,21255,12624,33516,226756,4584,303,186,616,313,1072,454,601
Sep-2003,167847,26572,15388,33218,247670,4644,339,177,660,321,1322,456,710
Oct-2003,180880,32654,21063,34491,272325,3237,361,99,706,345,1596,475,944
Nov-2003,174586,29272,20141,31184,257786,2604,361,57,678,317,1411,430,903
Dec-2003,142036,28142,19285,32876,224444,2105,295,46,550,255,1365,472,890
Jan-2004,138976,27322,21370,29543,219515,2305,280,40,532,252,1315,417,989
Feb-2004,164952,29119,21505,30483,248019,1961,325,36,626,300,1388,428,1030
Mar-2004,179527,33364,21819,36505,273593,2379,345,49,691,346,1583,507,1058
Apr-2004,164438,30848,18986,32121,248612,2219,317,58,628,311,1460,441,937
May-2004,181585,31641,19361,34294,269559,2678,344,74,696,352,1510,469,957
Jun-2004,181491,25942,16337,38281,264975,2923,356,86,697,341,1267,514,815
Jul-2004,185336,21711,14649,32977,257690,3017,365,94,702,338,1101,454,725
Aug-2004,178889,22459,16133,32208,253984,4295,366,181,679,313,1136,439,791
Sep-2004,187522,26587,17458,34230,269732,3935,405,139,708,303,1361,467,829
Oct-2004,181155,32274,20657,29547,266331,2699,383,84,672,289,1623,408,955
Nov-2004,189781,31312,23139,30249,276274,1792,407,41,704,296,1565,416,1064
Dec-2004,147680,27582,21553,34384,232558,1359,315,27,559,244,1366,480,996
Jan-2005,130258,28323,20947,28644,209536,1363,269,26,485,217,1362,403,994
Feb-2005,172232,31317,22422,29510,256980,1499,351,29,635,285,1486,407,1091
Mar-2005,187869,31876,21525,34954,278159,1935,388,43,694,306,1515,489,1055
Apr-2005,189620,33074,20486,31477,276817,2160,379,59,706,327,1617,429,1009
May-2005,199662,34517,20663,34061,291264,2362,385,68,753,369,1620,459,1034
Jun-2005,182805,33259,17724,36356,272876,2731,374,78,687,313,1579,492,900
Jul-2005,170366,28941,12161,32508,246381,2406,378,83,635,257,1402,434,620
Aug-2005,171211,27773,16891,33364,253349,4110,378,160,635,257,1364,459,823
Sep-2005,163152,31473,20269,33855,252257,3508,347,133,605,258,1567,456,960
Oct-2005,165054,32674,21486,30558,252123,2351,346,77,601,255,1632,421,986
Nov-2005,187039,33363,25603,32875,280818,1940,402,41,681,279,1667,459,1178
Dec-2005,143250,28199,20943,32174,225954,1388,298,27,525,227,1418,465,987
Jan-2006,133863,30486,23584,27912,217173,1328,278,26,500,222,1483,393,1144
Feb-2006,174750,32374,23298,29098,261049,1531,352,31,639,287,1564,409,1146
Mar-2006,201949,34372,22704,35068,296159,2066,409,48,745,335,1665,493,1128
Apr-2006,157804,31488,17878,28886,238015,1959,316,55,596,280,1513,405,900
May-2006,201982,37697,21056,36554,299930,2641,384,70,756,371,1802,493,1070
Jun-2006,179101,32998,17918,36011,268352,2324,351,70,663,312,1589,484,889
Jul-2006,173606,31313,14042,31809,253248,2478,356,79,632,275,1502,440,697
Aug-2006,190869,32075,19749,33287,280351,4372,407,168,689,282,1576,456,934
Sep-2006,184713,32673,23679,31287,276056,3704,382,141,676,294,1609,433,1106
Oct-2006,198979,37851,29969,29769,299414,2847,413,95,735,322,1865,412,1407
Nov-2006,208209,36434,30746,32024,309829,2417,436,57,777,341,1833,449,1474
Dec-2006,153354,29992,24793,30976,240589,1474,314,31,580,266,1482,453,1219
Jan-2007,161686,35438,29778,30309,258931,1720,315,35,600,285,1725,430,1466
Feb-2007,183610,35975,24294,28058,273662,1725,353,36,683,330,1739,409,1223
Mar-2007,203172,37626,23859,34592,301650,2400,405,60,751,346,1806,480,1195
Apr-2007,167907,35180,18456,29028,252874,2303,320,69,635,315,1701,400,944
May-2007,196501,36546,18061,36323,290236,2805,358,82,747,390,1778,488,921
Jun-2007,173108,31482,13562,34403,254888,2333,332,70,659,326,1542,471,685
Jul-2007,176873,31134,10688,32326,253702,2681,349,92,661,312,1530,444,510
Aug-2007,176715,36054,15445,33246,265422,3962,346,160,658,313,1747,455,707
Sep-2007,171902,37328,19891,31961,264883,3801,339,149,640,301,1815,438,880
Oct-2007,193968,43588,25326,32529,298312,2901,382,90,734,352,2060,450,1114
Nov-2007,194801,41417,25101,30837,293758,1601,416,39,714,297,1933,420,1096
Dec-2007,139431,33802,20765,30975,226011,1038,281,21,519,238,1594,441,921
Jan-2008,137320,37133,24691,30468,230890,1278,264,25,515,251,1781,418,1109
Feb-2008,167415,35372,24339,28817,257180,1237,316,27,620,303,1643,403,1118
Mar-2008,176334,31470,20976,30976,261178,1422,343,40,644,301,1497,432,986
Apr-2008,197616,37240,22345,31715,291201,2284,385,66,734,350,1774,440,1077
May-2008,200071,35481,19464,31020,288180,2143,370,67,750,380,1743,429,945
Jun-2008,173260,28369,14088,29539,247324,2068,319,71,646,326,1412,403,694
Jul-2008,184630,28040,12338,29040,256630,2583,350,90,684,334,1421,403,595
Aug-2008,170122,26775,16027,26436,243204,3843,335,158,634,299,1366,366,756
Sep-2008,178805,34775,20746,26879,263939,2734,361,118,665,304,1774,375,966
Oct-2008,209563,41259,22930,27181,303296,2364,409,74,772,363,2054,374,1034
Nov-2008,181352,36571,20827,24753,265157,1654,351,40,678,327,1826,348,962
Dec-2008,137118,34099,21315,28253,221897,1113,263,22,514,251,1679,408,993
Jan-2009,146144,35120,19317,24496,226891,1814,270,27,542,272,1674,349,910
Feb-2009,174260,36870,19656,23960,256163,1417,320,26,639,319,1750,338,956
Mar-2009,191350,37459,22084,26849,279736,1994,356,49,698,342,1793,369,1096
Apr-2009,170847,36689,15999,27229,253315,2550,301,64,640,340,1760,380,798
May-2009,181841,35914,15989,27719,263603,2140,319,62,678,359,1733,378,808
Jun-2009,172585,32296,12592,28211,247967,2283,311,65,646,336,1564,389,628
Jul-2009,184902,30719,10690,28857,260013,4844,350,97,674,324,1512,394,512
Aug-2009,178252,32685,13501,26921,257463,6104,350,153,650,300,1610,367,619
Sep-2009,177072,38759,15885,28133,265659,5811,356,128,644,288,1904,385,703
Oct-2009,177916,39086,17368,26538,265416,4508,359,78,641,282,1877,367,747
Nov-2009,167836,37237,18208,25912,252795,3604,341,48,608,267,1774,364,783
Dec-2009,143378,31655,18492,28844,225302,2932,282,34,523,241,1544,420,852
Jan-2010,133552,29407,13755,23616,203017,2688,254,32,481,227,1385,330,634
Feb-2010,157384,32363,14046,24797,232106,3516,297,42,571,273,1492,345,665
Mar-2010,190157,35800,12902,30444,274120,4817,357,65,681,325,1650,416,597
Apr-2010,169413,34145,9391,27150,244430,4331,308,70,614,306,1546,368,436
May-2010,186496,36266,9405,29728,266558,4664,325,79,681,356,1630,399,430
Jun-2010,190157,34414,8131,30320,267467,4444,344,79,694,349,1557,407,357
Jul-2010,185470,31331,7449,30705,259260,4304,350,83,670,320,1440,409,329
Aug-2010,178038,30750,11045,28891,253700,4977,346,122,641,295,1451,388,467
Sep-2010,166309,31643,13076,30003,245634,4603,329,104,600,271,1521,404,556
Oct-2010,183813,36031,13585,25796,262767,3542,363,60,646,283,1698,352,570
Nov-2010,191652,38114,14994,27435,275586,3390,376,41,665,289,1776,377,639
Dec-2010,148518,31599,11325,29851,223656,2363,283,26,528,245,1465,423,480
Jan-2011,121975,28911,10839,24315,188655,2615,236,28,429,193,1314,337,476
Feb-2011,187347,30378,11119,25290,257524,3390,361,35,647,286,1363,348,506
Mar-2011,186671,33420,9748,30161,263533,3533,358,46,652,294,1492,411,435
Apr-2011,156658,30392,6528,26531,223606,3496,299,56,550,251,1352,361,293
May-2011,196473,35331,7599,31682,274823,3739,377,65,688,311,1540,419,336
Jun-2011,186308,33440,5939,31441,261307,4179,354,65,652,298,1469,414,255
Jul-2011,160878,32781,5643,29520,232635,3813,307,66,565,259,1445,391,242
Aug-2011,184740,35509,8243,31108,264675,5075,368,116,640,272,1593,415,348
Sep-2011,179883,33722,11418,29643,258899,4234,381,92,620,239,1563,396,466
Oct-2011,181871,33863,11958,26716,257813,3405,386,53,623,237,1602,362,496
Nov-2011,199915,35638,14152,28001,280911,3205,420,38,689,269,1667,390,601
Dec-2011,143545,29627,11223,29858,216325,2073,288,23,506,218,1393,419,479
Jan-2012,143312,32343,11744,26047,215989,2544,284,28,498,213,1448,363,514
Feb-2012,179151,37325,10775,28393,258340,2695,337,32,620,284,1641,386,480
Mar-2012,182194,35999,10026,30029,262106,3858,354,52,628,273,1584,405,450
Apr-2012,153759,33777,7682,27413,225732,3101,301,53,536,234,1493,367,348
May-2012,190395,42388,9652,33360,279694,3899,357,67,666,309,1858,439,429
Jun-2012,174173,36357,7197,30426,251198,3045,327,53,611,284,1593,400,321
Jul-2012,175512,37215,7331,30725,254071,3288,343,60,614,272,1643,402,320
Aug-2012,189326,37333,11085,30288,272308,4278,373,91,658,285,1697,401,489
Sep-2012,176748,35885,13859,27667,257704,3545,370,76,614,244,1669,367,576
Oct-2012,199094,38352,18005,30007,289217,3759,407,58,691,284,1811,401,775
Nov-2012,201074,41928,18129,29020,293024,2873,402,35,695,293,1946,394,762
Dec-2012,148393,34590,13747,28364,227109,2015,290,22,521,231,1626,403,600
Jan-2013,155935,39415,18350,27789,244117,2628,297,29,551,254,1824,379,820
Feb-2013,185151,39110,18775,27455,273211,2720,351,36,655,304,1803,370,861
Mar-2013,183463,36670,17317,29323,269718,2945,350,51,661,311,1701,391,796
Apr-2013,185370,37167,17166,30577,273664,3384,339,63,672,333,1718,398,802
May-2013,219441,44096,17821,34582,320059,4119,401,69,799,398,2038,448,837
Jun-2013,186625,35236,11572,30027,266746,3286,341,56,679,337,1646,391,555
Jul-2013,209961,37669,13916,33580,299258,4132,390,66,759,369,1775,439,652
Aug-2013,203868,37637,16739,30942,293491,4305,393,103,734,341,1785,406,721
Sep-2013,199427,38474,18556,29200,289455,3798,394,91,717,323,1810,385,768
Oct-2013,216026,44348,23196,29365,316734,3798,422,63,776,354,2072,389,962
Nov-2013,208586,43700,22812,28004,305808,2706,398,35,745,347,2031,376,964
Dec-2013,164847,36371,20417,29057,253234,2542,317,27,596,279,1683,404,877
Jan-2014,180231,40546,22342,28529,274371,2722,336,31,647,311,1856,386,995
Feb-2014,205353,40084,23382,27692,299760,3248,365,42,744,379,1820,372,1070
Mar-2014,215711,37977,20807,29824,307782,3464,386,57,782,396,1730,397,963
Apr-2014,185854,37445,15231,28942,271000,3529,323,68,686,363,1710,382,718
May-2014,227988,44429,17386,32798,326303,3702,397,67,828,431,2010,429,788
Jun-2014,204847,35587,13107,31907,288875,3428,353,59,751,398,1617,412,589
Jul-2014,237218,40458,12857,32889,327390,3968,401,68,868,467,1837,428,559
Aug-2014,220488,40459,16887,30037,312273,4402,376,97,797,421,1838,392,691
Sep-2014,220421,44256,20367,30896,319651,3711,405,76,800,395,2026,413,802
Oct-2014,240625,47115,25069,30855,347541,3877,440,60,856,416,2159,407,1012
Nov-2014,226565,42014,24741,27567,323958,3070,418,39,803,385,1948,371,1001
Dec-2014,188504,36095,21816,30256,278896,2224,355,25,666,311,1701,423,899
Jan-2015,182062,39628,17878,28460,270366,2338,340,25,663,323,1764,381,776
Feb-2015,216821,43779,19590,29404,312374,2780,385,36,768,383,1914,393,853
Mar-2015,234817,46383,18901,33122,336595,3373,420,62,832,411,2040,441,830
Apr-2015,201839,45111,13927,31291,295733,3565,345,71,734,388,1984,409,620
May-2015,228893,42941,11746,32469,319126,3077,390,65,830,440,1912,430,522
Jun-2015,224104,38366,10667,33918,309953,2899,384,60,804,420,1744,436,458
Jul-2015,235020,38362,12284,32913,321677,3099,403,63,842,439,1743,430,512
Aug-2015,202205,40552,15707,30653,292759,3642,362,107,739,376,1878,394,638
Sep-2015,206101,42252,20063,32165,303691,3110,386,89,741,355,1953,420,804
Oct-2015,211038,46596,20217,29371,310184,2962,415,57,751,335,2116,389,796
Nov-2015,204241,43862,22186,28636,300230,1306,392,22,712,320,1977,390,902
Dec-2015,166758,40738,18754,31716,258734,769,334,12,592,258,1850,445,777
Jan-2016,149533,41697,17018,26850,236261,1163,281,15,520,239,1849,363,725
Feb-2016,187583,46839,17859,30872,284641,1489,358,22,649,291,2043,412,768
Mar-2016,190647,45044,16521,32468,286948,2268,353,53,656,303,1992,435,698
Apr-2016,183108,45183,15127,32300,278345,2627,323,60,650,327,1965,422,637
May-2016,204032,45875,12065,34447,298639,2220,348,56,720,372,2013,445,518
Jun-2016,175728,39482,8242,35252,261577,2872,300,53,619,318,1752,456,353
Jul-2016,157321,33118,7235,32961,232474,1839,279,46,548,269,1514,426,302
Aug-2016,179148,38746,14002,34691,269585,2999,327,95,618,291,1796,449,573
Sep-2016,159644,39672,15555,32499,249510,2140,295,73,551,256,1812,426,612
Oct-2016,165800,44084,14513,30366,256239,1476,311,32,570,259,1982,396,555
Nov-2016,196887,50248,17489,31641,297772,1507,388,20,669,281,2222,416,668
Dec-2016,151420,45962,14242,31708,244935,1602,296,16,519,223,2018,434,557
Jan-2017,138624,43244,15796,30609,229219,947,278,11,469,191,1894,402,645
Feb-2017,168142,41812,15925,30225,257298,1193,307,16,569,262,1810,396,655
Mar-2017,187461,43591,15301,36181,284263,1729,344,34,636,292,1900,472,644
Apr-2017,146771,36028,9551,29998,223713,1365,263,30,491,228,1560,387,395
May-2017,201955,47809,13109,38547,303143,1723,375,35,682,308,2042,484,530
Jun-2017,195344,41925,10647,37713,287208,1579,339,32,659,320,1796,472,418
Jul-2017,189064,38375,12250,35454,276524,1380,336,31,633,297,1650,450,481
Aug-2017,200335,44640,17265,36831,301692,2621,369,85,677,308,1972,472,668
Sep-2017,181447,41244,18432,33399,276909,2386,332,73,613,281,1878,431,731
Oct-2017,177413,45697,22144,33249,280061,1557,327,36,593,265,2074,433,857
Nov-2017,192897,47308,21781,33596,297139,1556,358,20,633,274,2144,444,858
Dec-2017,150762,37548,16233,32170,237538,826,277,9,505,228,1711,433,656
Jan-2018,162165,43866,16963,32947,257051,1110,303,12,537,234,1917,437,705
Feb-2018,182189,43414,17115,32417,276188,1053,321,17,609,289,1870,422,731
Mar-2018,186636,46168,16014,35820,286126,1489,319,36,620,301,2000,462,685
Apr-2018,179890,44685,14713,34089,274860,1483,293,41,618,325,1940,429,635
May-2018,219918,55149,17474,40422,334618,1656,355,42,758,403,2393,503,827
Jun-2018,196388,43331,13198,37033,291405,1454,317,32,685,368,1883,463,563
Jul-2018,203474,40342,14211,37893,297562,1642,330,41,712,382,1809,472,627
Aug-2018,212531,33979,25489,37717,312375,2659,354,87,743,389,1590,476,1049
Sep-2018,188232,32417,21154,34489,278699,2407,323,76,660,337,1526,435,883
Oct-2018,196680,45443,25322,35271,304716,2000,342,50,688,347,2086,451,1057
Nov-2018,199487,45776,24434,33468,304502,1336,352,21,687,335,2068,432,985
Dec-2018,161631,36774,19125,32648,251216,1038,267,14,557,290,1644,441,774
Jan-2019,170473,45863,19266,32692,270076,1783,287,19,584,296,2003,429,828
Feb-2019,197640,43758,21616,30822,295503,1667,317,24,692,376,1878,403,931
Mar-2019,206150,46456,19270,34562,308804,2367,308,50,735,427,1975,448,834
Apr-2019,173704,44493,14139,32558,267148,2255,260,56,620,360,1888,420,625
May-2019,219855,51220,15141,38010,326739,2513,328,50,784,456,2164,475,656
Jun-2019,197996,34828,11321,34340,280758,2273,296,45,709,413,1456,433,481
Jul-2019,217211,35098,12663,34722,302238,2543,329,53,771,442,1498,443,530
Aug-2019,208482,35362,17616,33038,297600,3103,330,95,741,411,1505,421,702
Sep-2019,203968,38025,20824,32205,298044,3023,317,81,718,401,1664,419,804
Oct-2019,218145,46113,27445,32860,327279,2717,339,52,768,428,2007,423,1036
Nov-2019,218822,42820,25677,29657,319036,2061,350,25,762,412,1879,393,997
Dec-2019,171517,39110,23157,32270,267596,1542,268,16,599,332,1710,434,921
Jan-2020,188711,43820,22635,31576,288703,1963,304,21,642,339,1847,412,932
Feb-2020,186445,44383,17844,31154,281399,1574,305,22,634,329,1809,402,736
Mar-2020,192183,44660,13962,37411,290281,2064,314,40,659,345,1833,475,572
Apr-2020,180626,38763,10135,33195,264617,1899,285,38,631,345,1583,416,411
May-2020,183105,36075,8161,35647,264540,1553,277,38,643,366,1450,443,326
Jun-2020,176712,37388,7983,38969,262689,1636,272,38,612,340,1487,486,301
