Product code,Station number,Year,Month,Monthly Precipitation Total (millimetres),Quality
IDCJAC0001,42027,1912,12,6.4,Y
IDCJAC0001,42027,1912,11,51.8,Y
IDCJAC0001,42027,1912,10,44.1,Y
IDCJAC0001,42027,1912,9,12.7,Y
IDCJAC0001,42027,1912,8,25.7,Y
IDCJAC0001,42027,1913,12,32,Y
IDCJAC0001,42027,1913,11,9.7,Y
IDCJAC0001,42027,1913,10,61,Y
IDCJAC0001,42027,1913,9,7.9,Y
IDCJAC0001,42027,1913,8,0,Y
IDCJAC0001,42027,1913,7,22.9,Y
IDCJAC0001,42027,1913,6,72.2,Y
IDCJAC0001,42027,1913,5,94.2,Y
IDCJAC0001,42027,1913,4,54.3,Y
IDCJAC0001,42027,1913,3,54.8,Y
IDCJAC0001,42027,1913,2,60,Y
IDCJAC0001,42027,1913,1,27.5,Y
IDCJAC0001,42027,1914,12,59.7,Y
IDCJAC0001,42027,1914,11,37.6,Y
IDCJAC0001,42027,1914,10,14.4,Y
IDCJAC0001,42027,1914,9,3.6,Y
IDCJAC0001,42027,1914,8,0,Y
IDCJAC0001,42027,1914,7,40.8,Y
IDCJAC0001,42027,1914,6,22.3,Y
IDCJAC0001,42027,1914,5,110.5,Y
IDCJAC0001,42027,1914,4,18.1,Y
IDCJAC0001,42027,1914,3,101.8,Y
IDCJAC0001,42027,1914,2,138.1,Y
IDCJAC0001,42027,1914,1,24.4,Y
IDCJAC0001,42027,1915,12,34.1,Y
IDCJAC0001,42027,1915,11,1.5,Y
IDCJAC0001,42027,1915,10,1.3,Y
IDCJAC0001,42027,1915,9,5.6,Y
IDCJAC0001,42027,1915,8,40.2,Y
IDCJAC0001,42027,1915,7,62.1,Y
IDCJAC0001,42027,1915,6,17.3,Y
IDCJAC0001,42027,1915,5,31.8,Y
IDCJAC0001,42027,1915,4,4.3,Y
IDCJAC0001,42027,1915,3,0,Y
IDCJAC0001,42027,1915,2,0,Y
IDCJAC0001,42027,1915,1,10.4,Y
IDCJAC0001,42027,1916,12,124.9,Y
IDCJAC0001,42027,1916,11,176.6,Y
IDCJAC0001,42027,1916,10,50.5,Y
IDCJAC0001,42027,1916,9,33.3,Y
IDCJAC0001,42027,1916,8,17.4,Y
IDCJAC0001,42027,1916,7,76.1,Y
IDCJAC0001,42027,1916,6,81.4,Y
IDCJAC0001,42027,1916,5,3,Y
IDCJAC0001,42027,1916,4,55.2,Y
IDCJAC0001,42027,1916,3,54.9,Y
IDCJAC0001,42027,1916,2,63,Y
IDCJAC0001,42027,1916,1,33.6,Y
IDCJAC0001,42027,1917,12,100.3,Y
IDCJAC0001,42027,1917,11,132.9,Y
IDCJAC0001,42027,1917,10,65,Y
IDCJAC0001,42027,1917,9,61.1,Y
IDCJAC0001,42027,1917,8,10.1,Y
IDCJAC0001,42027,1917,7,17.3,Y
IDCJAC0001,42027,1917,6,29.4,Y
IDCJAC0001,42027,1917,5,0,Y
IDCJAC0001,42027,1917,4,0,Y
IDCJAC0001,42027,1917,3,46.2,Y
IDCJAC0001,42027,1917,2,144.5,Y
IDCJAC0001,42027,1917,1,173.7,Y
IDCJAC0001,42027,1918,12,49.5,Y
IDCJAC0001,42027,1918,11,77.4,Y
IDCJAC0001,42027,1918,10,0,Y
IDCJAC0001,42027,1918,9,0,Y
IDCJAC0001,42027,1918,8,90.9,Y
IDCJAC0001,42027,1918,7,5.6,Y
IDCJAC0001,42027,1918,6,0,Y
IDCJAC0001,42027,1918,5,0,Y
IDCJAC0001,42027,1918,4,41.7,Y
IDCJAC0001,42027,1918,3,2.5,Y
IDCJAC0001,42027,1918,2,0,Y
IDCJAC0001,42027,1918,1,73.8,Y
IDCJAC0001,42027,1919,12,32.8,Y
IDCJAC0001,42027,1919,11,0,Y
IDCJAC0001,42027,1919,10,14.5,Y
IDCJAC0001,42027,1919,9,0,Y
IDCJAC0001,42027,1919,8,0.8,Y
IDCJAC0001,42027,1919,7,0,Y
IDCJAC0001,42027,1919,6,6.6,Y
IDCJAC0001,42027,1919,5,66.1,Y
IDCJAC0001,42027,1919,4,9.4,Y
IDCJAC0001,42027,1919,3,6.3,Y
IDCJAC0001,42027,1919,2,22.4,Y
IDCJAC0001,42027,1919,1,63.7,Y
IDCJAC0001,42027,1920,12,63.5,Y
IDCJAC0001,42027,1920,11,54.1,Y
IDCJAC0001,42027,1920,10,34.3,Y
IDCJAC0001,42027,1920,9,63.1,Y
IDCJAC0001,42027,1920,8,8.6,Y
IDCJAC0001,42027,1920,7,103.8,Y
IDCJAC0001,42027,1920,6,58.4,Y
IDCJAC0001,42027,1920,5,55.8,Y
IDCJAC0001,42027,1920,4,0,Y
IDCJAC0001,42027,1920,3,5.1,Y
IDCJAC0001,42027,1920,2,75.9,Y
IDCJAC0001,42027,1920,1,67.4,Y
IDCJAC0001,42027,1921,12,130.4,Y
IDCJAC0001,42027,1921,11,40.4,Y
IDCJAC0001,42027,1921,10,15.2,Y
IDCJAC0001,42027,1921,9,54.9,Y
IDCJAC0001,42027,1921,8,0,Y
IDCJAC0001,42027,1921,7,143.8,Y
IDCJAC0001,42027,1921,6,153.6,Y
IDCJAC0001,42027,1921,5,98.7,Y
IDCJAC0001,42027,1921,4,0,Y
IDCJAC0001,42027,1921,3,80,Y
IDCJAC0001,42027,1921,2,11.4,Y
IDCJAC0001,42027,1921,1,0,Y
IDCJAC0001,42027,1922,12,93.2,Y
IDCJAC0001,42027,1922,11,0,Y
IDCJAC0001,42027,1922,10,21.9,Y
IDCJAC0001,42027,1922,9,52.1,Y
IDCJAC0001,42027,1922,8,0,Y
IDCJAC0001,42027,1922,7,0,Y
IDCJAC0001,42027,1922,6,42.2,Y
IDCJAC0001,42027,1922,5,10.2,Y
IDCJAC0001,42027,1922,4,4.8,Y
IDCJAC0001,42027,1922,3,11.4,Y
IDCJAC0001,42027,1922,2,49.8,Y
IDCJAC0001,42027,1922,1,77,Y
IDCJAC0001,42027,1923,12,115.9,Y
IDCJAC0001,42027,1923,11,22.3,Y
IDCJAC0001,42027,1923,10,35,Y
IDCJAC0001,42027,1923,9,29.8,Y
IDCJAC0001,42027,1923,8,16,Y
IDCJAC0001,42027,1923,7,10.4,Y
IDCJAC0001,42027,1923,6,43.3,Y
IDCJAC0001,42027,1923,5,9.4,Y
IDCJAC0001,42027,1923,4,25.6,Y
IDCJAC0001,42027,1923,3,23.9,Y
IDCJAC0001,42027,1923,2,5.8,Y
IDCJAC0001,42027,1923,1,0,Y
IDCJAC0001,42027,1924,12,32.2,Y
IDCJAC0001,42027,1924,11,207.3,Y
IDCJAC0001,42027,1924,10,33.7,Y
IDCJAC0001,42027,1924,9,36.6,Y
IDCJAC0001,42027,1924,8,56.9,Y
IDCJAC0001,42027,1924,7,56.2,Y
IDCJAC0001,42027,1924,6,19.1,Y
IDCJAC0001,42027,1924,5,8.4,Y
IDCJAC0001,42027,1924,4,51.6,Y
IDCJAC0001,42027,1924,3,18.8,Y
IDCJAC0001,42027,1924,2,100.4,Y
IDCJAC0001,42027,1924,1,88.9,Y
IDCJAC0001,42027,1925,12,48.4,Y
IDCJAC0001,42027,1925,11,55.2,Y
IDCJAC0001,42027,1925,10,4.3,Y
IDCJAC0001,42027,1925,9,0,Y
IDCJAC0001,42027,1925,8,52.3,Y
IDCJAC0001,42027,1925,7,18,Y
IDCJAC0001,42027,1925,6,56.6,Y
IDCJAC0001,42027,1925,5,102,Y
IDCJAC0001,42027,1925,4,0,Y
IDCJAC0001,42027,1925,3,23.3,Y
IDCJAC0001,42027,1925,2,103.9,Y
IDCJAC0001,42027,1925,1,32.2,Y
IDCJAC0001,42027,1926,12,90.2,Y
IDCJAC0001,42027,1926,11,0,Y
IDCJAC0001,42027,1926,10,18.8,Y
IDCJAC0001,42027,1926,9,37.4,Y
IDCJAC0001,42027,1926,8,6.3,Y
IDCJAC0001,42027,1926,7,15,Y
IDCJAC0001,42027,1926,6,14.8,Y
IDCJAC0001,42027,1926,5,47.5,Y
IDCJAC0001,42027,1926,4,23.3,Y
IDCJAC0001,42027,1926,3,58.9,Y
IDCJAC0001,42027,1926,2,15.5,Y
IDCJAC0001,42027,1926,1,137.7,Y
IDCJAC0001,42027,1927,12,92.5,Y
IDCJAC0001,42027,1927,11,53.9,Y
IDCJAC0001,42027,1927,10,43.6,Y
IDCJAC0001,42027,1927,9,2,Y
IDCJAC0001,42027,1927,8,3.6,Y
IDCJAC0001,42027,1927,7,0,Y
IDCJAC0001,42027,1927,6,29.4,Y
IDCJAC0001,42027,1927,5,7.6,Y
IDCJAC0001,42027,1927,4,29.8,Y
IDCJAC0001,42027,1927,3,43.2,Y
IDCJAC0001,42027,1927,2,4.5,Y
IDCJAC0001,42027,1927,1,52.6,Y
IDCJAC0001,42027,1928,12,12.7,Y
IDCJAC0001,42027,1928,11,44.2,Y
IDCJAC0001,42027,1928,10,4.1,Y
IDCJAC0001,42027,1928,9,0,Y
IDCJAC0001,42027,1928,8,0,Y
IDCJAC0001,42027,1928,7,34.2,Y
IDCJAC0001,42027,1928,6,71,Y
IDCJAC0001,42027,1928,5,9.7,Y
IDCJAC0001,42027,1928,4,39.4,Y
IDCJAC0001,42027,1928,3,105.6,Y
IDCJAC0001,42027,1928,2,148.8,Y
IDCJAC0001,42027,1928,1,191.8,Y
IDCJAC0001,42027,1929,12,26.7,Y
IDCJAC0001,42027,1929,11,37.6,Y
IDCJAC0001,42027,1929,10,28.7,Y
IDCJAC0001,42027,1929,9,15.2,Y
IDCJAC0001,42027,1929,8,19.8,Y
IDCJAC0001,42027,1929,7,5.1,Y
IDCJAC0001,42027,1929,6,16.8,Y
IDCJAC0001,42027,1929,5,0,Y
IDCJAC0001,42027,1929,4,164.6,Y
IDCJAC0001,42027,1929,3,47,Y
IDCJAC0001,42027,1929,2,100.6,Y
IDCJAC0001,42027,1929,1,11.2,Y
IDCJAC0001,42027,1930,12,23.1,Y
IDCJAC0001,42027,1930,11,51.1,Y
IDCJAC0001,42027,1930,10,80.6,Y
IDCJAC0001,42027,1930,9,13.4,Y
IDCJAC0001,42027,1930,8,61.7,Y
IDCJAC0001,42027,1930,7,60.5,Y
IDCJAC0001,42027,1930,6,96.8,Y
IDCJAC0001,42027,1930,5,42.1,Y
IDCJAC0001,42027,1930,4,29.8,Y
IDCJAC0001,42027,1930,3,10.9,Y
IDCJAC0001,42027,1930,2,3.8,Y
IDCJAC0001,42027,1930,1,59.5,Y
IDCJAC0001,42027,1931,12,176.8,Y
IDCJAC0001,42027,1931,11,70.2,Y
IDCJAC0001,42027,1931,10,27.9,Y
IDCJAC0001,42027,1931,9,25.5,Y
IDCJAC0001,42027,1931,8,3,Y
IDCJAC0001,42027,1931,7,26.7,Y
IDCJAC0001,42027,1931,6,50,Y
IDCJAC0001,42027,1931,5,39.1,Y
IDCJAC0001,42027,1931,4,37.3,Y
IDCJAC0001,42027,1931,3,188.9,Y
IDCJAC0001,42027,1931,2,3,Y
IDCJAC0001,42027,1931,1,4.6,Y
IDCJAC0001,42027,1932,12,47.9,Y
IDCJAC0001,42027,1932,11,58.2,Y
IDCJAC0001,42027,1932,10,45.2,Y
IDCJAC0001,42027,1932,9,69.6,Y
IDCJAC0001,42027,1932,8,9.9,Y
IDCJAC0001,42027,1932,7,30,Y
IDCJAC0001,42027,1932,6,20.6,Y
IDCJAC0001,42027,1932,5,46,Y
IDCJAC0001,42027,1932,4,45.9,Y
IDCJAC0001,42027,1932,3,30.4,Y
IDCJAC0001,42027,1932,2,0,Y
IDCJAC0001,42027,1932,1,7.6,Y
IDCJAC0001,42027,1933,12,10.7,Y
IDCJAC0001,42027,1933,11,120.2,Y
IDCJAC0001,42027,1933,10,51.4,Y
IDCJAC0001,42027,1933,9,36.1,Y
IDCJAC0001,42027,1933,8,34.6,Y
IDCJAC0001,42027,1933,7,65.3,Y
IDCJAC0001,42027,1933,6,52.8,Y
IDCJAC0001,42027,1933,5,16.7,Y
IDCJAC0001,42027,1933,4,61.3,Y
IDCJAC0001,42027,1933,3,5.8,Y
IDCJAC0001,42027,1933,2,96.3,Y
IDCJAC0001,42027,1933,1,44.2,Y
IDCJAC0001,42027,1934,12,115.3,Y
IDCJAC0001,42027,1934,11,63.1,Y
IDCJAC0001,42027,1934,10,126.4,Y
IDCJAC0001,42027,1934,9,25.9,Y
IDCJAC0001,42027,1934,8,45.7,Y
IDCJAC0001,42027,1934,7,36.1,Y
IDCJAC0001,42027,1934,6,17.8,Y
IDCJAC0001,42027,1934,5,123.2,Y
IDCJAC0001,42027,1934,4,12.2,Y
IDCJAC0001,42027,1934,3,4.8,Y
IDCJAC0001,42027,1934,2,222.9,Y
IDCJAC0001,42027,1934,1,11.1,Y
IDCJAC0001,42027,1935,12,44.2,Y
IDCJAC0001,42027,1935,11,13.2,Y
IDCJAC0001,42027,1935,10,31.5,Y
IDCJAC0001,42027,1935,9,68.7,Y
IDCJAC0001,42027,1935,8,6.9,Y
IDCJAC0001,42027,1935,7,25.1,Y
IDCJAC0001,42027,1935,6,1.3,Y
IDCJAC0001,42027,1935,5,1,Y
IDCJAC0001,42027,1935,4,13.7,Y
IDCJAC0001,42027,1935,3,0,Y
IDCJAC0001,42027,1935,2,14,Y
IDCJAC0001,42027,1935,1,83.8,Y
IDCJAC0001,42027,1936,12,161,Y
IDCJAC0001,42027,1936,11,0,Y
IDCJAC0001,42027,1936,10,17.5,Y
IDCJAC0001,42027,1936,9,23.1,Y
IDCJAC0001,42027,1936,8,25.4,Y
IDCJAC0001,42027,1936,7,52,Y
IDCJAC0001,42027,1936,6,19.8,Y
IDCJAC0001,42027,1936,5,23.8,Y
IDCJAC0001,42027,1936,4,7.6,Y
IDCJAC0001,42027,1936,3,52.5,Y
IDCJAC0001,42027,1936,2,60.7,Y
IDCJAC0001,42027,1936,1,90.2,Y
IDCJAC0001,42027,1937,12,0,Y
IDCJAC0001,42027,1937,11,75.2,Y
IDCJAC0001,42027,1937,10,16.5,Y
IDCJAC0001,42027,1937,9,4.3,Y
IDCJAC0001,42027,1937,8,8,Y
IDCJAC0001,42027,1937,7,11.4,Y
IDCJAC0001,42027,1937,6,31.9,Y
IDCJAC0001,42027,1937,5,0,Y
IDCJAC0001,42027,1937,4,0,Y
IDCJAC0001,42027,1937,3,163.1,Y
IDCJAC0001,42027,1937,2,33.5,Y
IDCJAC0001,42027,1937,1,64.3,Y
IDCJAC0001,42027,1938,12,0,Y
IDCJAC0001,42027,1938,11,37.5,Y
IDCJAC0001,42027,1938,10,147.7,Y
IDCJAC0001,42027,1938,9,15.2,Y
IDCJAC0001,42027,1938,8,36.6,Y
IDCJAC0001,42027,1938,7,3.1,Y
IDCJAC0001,42027,1938,6,47.2,Y
IDCJAC0001,42027,1938,5,138.7,Y
IDCJAC0001,42027,1938,4,23.4,Y
IDCJAC0001,42027,1938,3,7.6,Y
IDCJAC0001,42027,1938,2,33.1,Y
IDCJAC0001,42027,1938,1,31.4,Y
IDCJAC0001,42027,1939,12,41.7,Y
IDCJAC0001,42027,1939,11,37.3,Y
IDCJAC0001,42027,1939,10,10.7,Y
IDCJAC0001,42027,1939,9,10.2,Y
IDCJAC0001,42027,1939,8,52.1,Y
IDCJAC0001,42027,1939,7,22.4,Y
IDCJAC0001,42027,1939,6,45.5,Y
IDCJAC0001,42027,1939,5,5,Y
IDCJAC0001,42027,1939,4,75.4,Y
IDCJAC0001,42027,1939,3,115.8,Y
IDCJAC0001,42027,1939,2,2,Y
IDCJAC0001,42027,1939,1,116.9,Y
IDCJAC0001,42027,1940,12,92.8,Y
IDCJAC0001,42027,1940,11,10.6,Y
IDCJAC0001,42027,1940,10,11.1,Y
IDCJAC0001,42027,1940,9,26.9,Y
IDCJAC0001,42027,1940,8,1,Y
IDCJAC0001,42027,1940,7,0,Y
IDCJAC0001,42027,1940,6,0.8,Y
IDCJAC0001,42027,1940,5,21,Y
IDCJAC0001,42027,1940,4,8.9,Y
IDCJAC0001,42027,1940,3,82,Y
IDCJAC0001,42027,1940,2,76.8,Y
IDCJAC0001,42027,1940,1,14.5,Y
IDCJAC0001,42027,1941,12,4,Y
IDCJAC0001,42027,1941,11,92,Y
IDCJAC0001,42027,1941,10,42.9,Y
IDCJAC0001,42027,1941,9,2.3,Y
IDCJAC0001,42027,1941,8,2.5,Y
IDCJAC0001,42027,1941,7,5.9,Y
IDCJAC0001,42027,1941,6,29,Y
IDCJAC0001,42027,1941,5,8.9,Y
IDCJAC0001,42027,1941,4,2.8,Y
IDCJAC0001,42027,1941,3,196.1,Y
IDCJAC0001,42027,1941,2,21.6,Y
IDCJAC0001,42027,1941,1,215.6,Y
IDCJAC0001,42027,1942,12,159.5,Y
IDCJAC0001,42027,1942,11,46,Y
IDCJAC0001,42027,1942,10,80.1,Y
IDCJAC0001,42027,1942,9,5.1,Y
IDCJAC0001,42027,1942,8,6.6,Y
IDCJAC0001,42027,1942,7,39.6,Y
IDCJAC0001,42027,1942,6,13.8,Y
IDCJAC0001,42027,1942,5,14.2,Y
IDCJAC0001,42027,1942,4,2.5,Y
IDCJAC0001,42027,1942,3,20.6,Y
IDCJAC0001,42027,1942,2,34.1,Y
IDCJAC0001,42027,1942,1,35.8,Y
IDCJAC0001,42027,1943,12,60.1,Y
IDCJAC0001,42027,1943,11,92.1,Y
IDCJAC0001,42027,1943,10,33,Y
IDCJAC0001,42027,1943,9,23.9,Y
IDCJAC0001,42027,1943,8,44.5,Y
IDCJAC0001,42027,1943,7,20.3,Y
IDCJAC0001,42027,1943,6,21.6,Y
IDCJAC0001,42027,1943,5,29.2,Y
IDCJAC0001,42027,1943,4,33,Y
IDCJAC0001,42027,1943,3,0,Y
IDCJAC0001,42027,1943,2,20.6,Y
IDCJAC0001,42027,1943,1,31.5,Y
IDCJAC0001,42027,1944,12,31,Y
IDCJAC0001,42027,1944,11,55.5,Y
IDCJAC0001,42027,1944,10,9.7,Y
IDCJAC0001,42027,1944,9,29.2,Y
IDCJAC0001,42027,1944,8,47.8,Y
IDCJAC0001,42027,1944,7,56.6,Y
IDCJAC0001,42027,1944,6,18.2,Y
IDCJAC0001,42027,1944,5,21.3,Y
IDCJAC0001,42027,1944,4,0,Y
IDCJAC0001,42027,1944,3,0,Y
IDCJAC0001,42027,1944,2,14.8,Y
IDCJAC0001,42027,1944,1,61.5,Y
IDCJAC0001,42027,1945,12,35.5,Y
IDCJAC0001,42027,1945,11,12.4,Y
IDCJAC0001,42027,1945,10,4.6,Y
IDCJAC0001,42027,1945,9,0,Y
IDCJAC0001,42027,1945,8,34.8,Y
IDCJAC0001,42027,1945,7,39.9,Y
IDCJAC0001,42027,1945,6,56.7,Y
IDCJAC0001,42027,1945,5,32.8,Y
IDCJAC0001,42027,1945,4,21.3,Y
IDCJAC0001,42027,1945,3,7.4,Y
IDCJAC0001,42027,1945,2,241.3,Y
IDCJAC0001,42027,1945,1,97.6,Y
IDCJAC0001,42027,1946,12,53.6,Y
IDCJAC0001,42027,1946,11,33,Y
IDCJAC0001,42027,1946,10,3.3,Y
IDCJAC0001,42027,1946,9,120.9,Y
IDCJAC0001,42027,1946,8,0,Y
IDCJAC0001,42027,1946,7,0.5,Y
IDCJAC0001,42027,1946,6,2.8,Y
IDCJAC0001,42027,1946,5,2.5,Y
IDCJAC0001,42027,1946,4,20.4,Y
IDCJAC0001,42027,1946,3,18.8,Y
IDCJAC0001,42027,1946,2,54.6,Y
IDCJAC0001,42027,1946,1,62.7,Y
IDCJAC0001,42027,1947,12,81,Y
IDCJAC0001,42027,1947,11,87.1,Y
IDCJAC0001,42027,1947,10,53.9,Y
IDCJAC0001,42027,1947,9,34.3,Y
IDCJAC0001,42027,1947,8,78.2,Y
IDCJAC0001,42027,1947,7,12.9,Y
IDCJAC0001,42027,1947,6,21.1,Y
IDCJAC0001,42027,1947,5,29.3,Y
IDCJAC0001,42027,1947,4,20.1,Y
IDCJAC0001,42027,1947,3,192.3,Y
IDCJAC0001,42027,1947,2,207.4,Y
IDCJAC0001,42027,1947,1,31.7,Y
IDCJAC0001,42027,1948,12,42.2,Y
IDCJAC0001,42027,1948,11,26.2,Y
IDCJAC0001,42027,1948,10,5.2,Y
IDCJAC0001,42027,1948,9,52.8,Y
IDCJAC0001,42027,1948,8,10.6,Y
IDCJAC0001,42027,1948,7,33.2,Y
IDCJAC0001,42027,1948,6,118.9,Y
IDCJAC0001,42027,1948,5,94.2,Y
IDCJAC0001,42027,1948,4,38.1,Y
IDCJAC0001,42027,1948,3,82,Y
IDCJAC0001,42027,1948,2,11.5,Y
IDCJAC0001,42027,1948,1,71.4,Y
IDCJAC0001,42027,1949,12,0,Y
IDCJAC0001,42027,1949,11,56.1,Y
IDCJAC0001,42027,1949,10,137.6,Y
IDCJAC0001,42027,1949,9,91.1,Y
IDCJAC0001,42027,1949,8,3.8,Y
IDCJAC0001,42027,1949,7,0,Y
IDCJAC0001,42027,1949,6,18.8,Y
IDCJAC0001,42027,1949,5,21.6,Y
IDCJAC0001,42027,1949,4,22.4,Y
IDCJAC0001,42027,1949,3,54.1,Y
IDCJAC0001,42027,1949,2,87.6,Y
IDCJAC0001,42027,1949,1,70.2,Y
IDCJAC0001,42027,1950,10,86.6,Y
IDCJAC0001,42027,1950,8,0,Y
IDCJAC0001,42027,1950,7,210.3,Y
IDCJAC0001,42027,1950,6,91.9,Y
IDCJAC0001,42027,1950,5,19.3,Y
IDCJAC0001,42027,1950,4,61.2,Y
IDCJAC0001,42027,1950,3,23.3,Y
IDCJAC0001,42027,1950,2,120.1,Y
IDCJAC0001,42027,1950,1,64,Y
IDCJAC0001,42027,1951,12,16.8,Y
IDCJAC0001,42027,1951,11,13,Y
IDCJAC0001,42027,1951,10,28.5,Y
IDCJAC0001,42027,1951,9,16.8,Y
IDCJAC0001,42027,1951,8,26.4,Y
IDCJAC0001,42027,1951,7,0,Y
IDCJAC0001,42027,1951,6,44,Y
IDCJAC0001,42027,1951,5,6.9,Y
IDCJAC0001,42027,1951,3,60.2,Y
IDCJAC0001,42027,1951,1,153.4,Y
IDCJAC0001,42027,1952,12,15.7,Y
IDCJAC0001,42027,1952,11,7.6,Y
IDCJAC0001,42027,1952,10,131,Y
IDCJAC0001,42027,1952,9,12.7,Y
IDCJAC0001,42027,1952,7,29.7,Y
IDCJAC0001,42027,1952,6,27.1,Y
IDCJAC0001,42027,1952,5,73.7,Y
IDCJAC0001,42027,1952,2,113.6,Y
IDCJAC0001,42027,1953,12,5.1,Y
IDCJAC0001,42027,1953,11,40.9,Y
IDCJAC0001,42027,1953,10,64.1,Y
IDCJAC0001,42027,1953,9,1.3,Y
IDCJAC0001,42027,1953,8,77,Y
IDCJAC0001,42027,1953,7,8.9,Y
IDCJAC0001,42027,1953,6,0,Y
IDCJAC0001,42027,1953,5,64.7,Y
IDCJAC0001,42027,1953,4,22.1,Y
IDCJAC0001,42027,1953,3,18.5,Y
IDCJAC0001,42027,1953,2,446.1,Y
IDCJAC0001,42027,1953,1,6.1,Y
IDCJAC0001,42027,1954,12,53.3,Y
IDCJAC0001,42027,1954,11,106.2,Y
IDCJAC0001,42027,1954,10,116.3,Y
IDCJAC0001,42027,1954,9,15,Y
IDCJAC0001,42027,1954,8,18.6,Y
IDCJAC0001,42027,1954,7,98,Y
IDCJAC0001,42027,1954,6,14.5,Y
IDCJAC0001,42027,1954,5,0.8,Y
IDCJAC0001,42027,1954,4,0,Y
IDCJAC0001,42027,1954,3,0,Y
IDCJAC0001,42027,1954,2,157.2,Y
IDCJAC0001,42027,1954,1,86.6,Y
IDCJAC0001,42027,1955,12,79.8,Y
IDCJAC0001,42027,1955,11,22.7,Y
IDCJAC0001,42027,1955,10,47.8,Y
IDCJAC0001,42027,1955,9,9.2,Y
IDCJAC0001,42027,1955,8,29.7,Y
IDCJAC0001,42027,1955,7,42.1,Y
IDCJAC0001,42027,1955,6,9.4,Y
IDCJAC0001,42027,1955,5,41.1,Y
IDCJAC0001,42027,1955,4,72,Y
IDCJAC0001,42027,1955,3,10.1,Y
IDCJAC0001,42027,1955,2,180.9,Y
IDCJAC0001,42027,1955,1,172.6,Y
IDCJAC0001,42027,1956,12,56.4,Y
IDCJAC0001,42027,1956,11,30.8,Y
IDCJAC0001,42027,1956,10,28.5,Y
IDCJAC0001,42027,1956,9,25.9,Y
IDCJAC0001,42027,1956,8,0,Y
IDCJAC0001,42027,1956,7,31.4,Y
IDCJAC0001,42027,1956,6,92.2,Y
IDCJAC0001,42027,1956,5,66.3,Y
IDCJAC0001,42027,1956,4,53.8,Y
IDCJAC0001,42027,1956,3,84.6,Y
IDCJAC0001,42027,1956,2,129.1,Y
IDCJAC0001,42027,1956,1,110.3,Y
IDCJAC0001,42027,1957,12,33.9,Y
IDCJAC0001,42027,1957,11,26.6,Y
IDCJAC0001,42027,1957,10,62.5,Y
IDCJAC0001,42027,1957,9,1.8,Y
IDCJAC0001,42027,1957,8,5.4,Y
IDCJAC0001,42027,1957,7,3,Y
IDCJAC0001,42027,1957,6,41.5,Y
IDCJAC0001,42027,1957,5,0,Y
IDCJAC0001,42027,1957,4,32.8,Y
IDCJAC0001,42027,1957,3,35.1,Y
IDCJAC0001,42027,1957,2,66.8,Y
IDCJAC0001,42027,1957,1,85.2,Y
IDCJAC0001,42027,1958,12,51.5,Y
IDCJAC0001,42027,1958,11,69.8,Y
IDCJAC0001,42027,1958,10,26.5,Y
IDCJAC0001,42027,1958,9,47.7,Y
IDCJAC0001,42027,1958,8,37.8,Y
IDCJAC0001,42027,1958,7,3.3,Y
IDCJAC0001,42027,1958,6,171.8,Y
IDCJAC0001,42027,1958,5,10.8,Y
IDCJAC0001,42027,1958,4,51.5,Y
IDCJAC0001,42027,1958,3,167.2,Y
IDCJAC0001,42027,1958,2,57.7,Y
IDCJAC0001,42027,1958,1,111.3,Y
IDCJAC0001,42027,1959,12,100.5,Y
IDCJAC0001,42027,1959,11,69.3,Y
IDCJAC0001,42027,1959,10,62.9,Y
IDCJAC0001,42027,1959,9,10.4,Y
IDCJAC0001,42027,1959,8,0,Y
IDCJAC0001,42027,1959,7,94,Y
IDCJAC0001,42027,1959,6,8.1,Y
IDCJAC0001,42027,1959,5,30.2,Y
IDCJAC0001,42027,1959,4,2.8,Y
IDCJAC0001,42027,1959,3,42.9,Y
IDCJAC0001,42027,1959,2,119.2,Y
IDCJAC0001,42027,1959,1,210.5,Y
IDCJAC0001,42027,1960,12,64.8,Y
IDCJAC0001,42027,1960,11,36.1,Y
IDCJAC0001,42027,1960,10,30.1,Y
IDCJAC0001,42027,1960,9,26.2,Y
IDCJAC0001,42027,1960,8,33,Y
IDCJAC0001,42027,1960,7,34.4,Y
IDCJAC0001,42027,1960,6,16.3,Y
IDCJAC0001,42027,1960,5,23.4,Y
IDCJAC0001,42027,1960,4,12.4,Y
IDCJAC0001,42027,1960,3,55.9,Y
IDCJAC0001,42027,1960,2,42,Y
IDCJAC0001,42027,1960,1,66,Y
IDCJAC0001,42027,1961,12,93.9,Y
IDCJAC0001,42027,1961,11,117.5,Y
IDCJAC0001,42027,1961,10,113.2,Y
IDCJAC0001,42027,1961,9,3,Y
IDCJAC0001,42027,1961,8,27.1,Y
IDCJAC0001,42027,1961,7,38.1,Y
IDCJAC0001,42027,1961,6,32,Y
IDCJAC0001,42027,1961,5,22.8,Y
IDCJAC0001,42027,1961,4,33.9,Y
IDCJAC0001,42027,1961,3,68.6,Y
IDCJAC0001,42027,1961,2,75,Y
IDCJAC0001,42027,1961,1,27.7,Y
IDCJAC0001,42027,1962,12,105.7,Y
IDCJAC0001,42027,1962,11,20.8,Y
IDCJAC0001,42027,1962,10,6.6,Y
IDCJAC0001,42027,1962,9,61.2,Y
IDCJAC0001,42027,1962,8,60,Y
IDCJAC0001,42027,1962,7,25.7,Y
IDCJAC0001,42027,1962,6,7.9,Y
IDCJAC0001,42027,1962,5,13.9,Y
IDCJAC0001,42027,1962,4,78.7,Y
IDCJAC0001,42027,1962,3,191.7,Y
IDCJAC0001,42027,1962,2,30.5,Y
IDCJAC0001,42027,1962,1,113.1,Y
IDCJAC0001,42027,1963,12,95.7,Y
IDCJAC0001,42027,1963,11,67.8,Y
IDCJAC0001,42027,1963,10,9.6,Y
IDCJAC0001,42027,1963,9,40.9,Y
IDCJAC0001,42027,1963,8,27.1,Y
IDCJAC0001,42027,1963,7,2,Y
IDCJAC0001,42027,1963,6,10,Y
IDCJAC0001,42027,1963,5,88.9,Y
IDCJAC0001,42027,1963,4,20.1,Y
IDCJAC0001,42027,1963,3,193.4,Y
IDCJAC0001,42027,1963,2,9.4,Y
IDCJAC0001,42027,1963,1,190.4,Y
IDCJAC0001,42027,1964,12,26.8,Y
IDCJAC0001,42027,1964,11,18.5,Y
IDCJAC0001,42027,1964,10,84.4,Y
IDCJAC0001,42027,1964,9,63.8,Y
IDCJAC0001,42027,1964,8,14.2,Y
IDCJAC0001,42027,1964,7,26.6,Y
IDCJAC0001,42027,1964,6,4.6,Y
IDCJAC0001,42027,1964,5,49.9,Y
IDCJAC0001,42027,1964,4,18.7,Y
IDCJAC0001,42027,1964,3,14.5,Y
IDCJAC0001,42027,1964,2,54.4,Y
IDCJAC0001,42027,1964,1,54.8,Y
IDCJAC0001,42027,1965,12,109.8,Y
IDCJAC0001,42027,1965,11,23.1,Y
IDCJAC0001,42027,1965,10,9.4,Y
IDCJAC0001,42027,1965,9,28.2,Y
IDCJAC0001,42027,1965,8,8.4,Y
IDCJAC0001,42027,1965,7,32.5,Y
IDCJAC0001,42027,1965,6,10.1,Y
IDCJAC0001,42027,1965,5,2,Y
IDCJAC0001,42027,1965,4,13,Y
IDCJAC0001,42027,1965,3,2.3,Y
IDCJAC0001,42027,1965,2,18,Y
IDCJAC0001,42027,1965,1,12,Y
IDCJAC0001,42027,1966,12,113.8,Y
IDCJAC0001,42027,1966,11,28.6,Y
IDCJAC0001,42027,1966,10,29.9,Y
IDCJAC0001,42027,1966,9,14.5,Y
IDCJAC0001,42027,1966,8,139.7,Y
IDCJAC0001,42027,1966,7,15.7,Y
IDCJAC0001,42027,1966,6,68.8,Y
IDCJAC0001,42027,1966,5,2,Y
IDCJAC0001,42027,1966,4,23.4,Y
IDCJAC0001,42027,1966,3,44.5,Y
IDCJAC0001,42027,1966,2,28.5,Y
IDCJAC0001,42027,1966,1,57.7,Y
IDCJAC0001,42027,1967,12,24.9,Y
IDCJAC0001,42027,1967,11,4.3,Y
IDCJAC0001,42027,1967,10,59.7,Y
IDCJAC0001,42027,1967,9,0,Y
IDCJAC0001,42027,1967,8,14.7,Y
IDCJAC0001,42027,1967,7,46.2,Y
IDCJAC0001,42027,1967,6,82.5,Y
IDCJAC0001,42027,1967,5,45.7,Y
IDCJAC0001,42027,1967,4,0,Y
IDCJAC0001,42027,1967,3,151.1,Y
IDCJAC0001,42027,1967,2,19.6,Y
IDCJAC0001,42027,1967,1,12.4,Y
IDCJAC0001,42027,1968,12,99.9,Y
IDCJAC0001,42027,1968,11,2.8,Y
IDCJAC0001,42027,1968,10,13.9,Y
IDCJAC0001,42027,1968,9,6.4,Y
IDCJAC0001,42027,1968,8,80.7,Y
IDCJAC0001,42027,1968,7,51.5,Y
IDCJAC0001,42027,1968,6,8.9,Y
IDCJAC0001,42027,1968,5,49,Y
IDCJAC0001,42027,1968,4,19.5,Y
IDCJAC0001,42027,1968,3,56.1,Y
IDCJAC0001,42027,1968,2,41.9,Y
IDCJAC0001,42027,1968,1,182,Y
IDCJAC0001,42027,1969,12,24.7,Y
IDCJAC0001,42027,1969,11,104,Y
IDCJAC0001,42027,1969,10,169.2,Y
IDCJAC0001,42027,1969,9,48.3,Y
IDCJAC0001,42027,1969,8,20.2,Y
IDCJAC0001,42027,1969,7,19.5,Y
IDCJAC0001,42027,1969,6,32.8,Y
IDCJAC0001,42027,1969,5,65.5,Y
IDCJAC0001,42027,1969,4,49.5,Y
IDCJAC0001,42027,1969,3,131.5,Y
IDCJAC0001,42027,1969,2,5.3,Y
IDCJAC0001,42027,1969,1,48,Y
IDCJAC0001,42027,1970,12,156.4,Y
IDCJAC0001,42027,1970,11,108.1,Y
IDCJAC0001,42027,1970,10,19.4,Y
IDCJAC0001,42027,1970,9,140.8,Y
IDCJAC0001,42027,1970,8,17,Y
IDCJAC0001,42027,1970,7,0,Y
IDCJAC0001,42027,1970,6,6.8,Y
IDCJAC0001,42027,1970,5,14,Y
IDCJAC0001,42027,1970,4,35.3,Y
IDCJAC0001,42027,1970,3,6.9,Y
IDCJAC0001,42027,1970,2,100.3,Y
IDCJAC0001,42027,1970,1,116.2,Y
IDCJAC0001,42027,1971,12,70.9,Y
IDCJAC0001,42027,1971,11,38.7,Y
IDCJAC0001,42027,1971,10,24.8,Y
IDCJAC0001,42027,1971,9,48.9,Y
IDCJAC0001,42027,1971,8,89.7,Y
IDCJAC0001,42027,1971,7,70.5,Y
IDCJAC0001,42027,1971,6,5.6,Y
IDCJAC0001,42027,1971,5,22.6,Y
IDCJAC0001,42027,1971,4,17,Y
IDCJAC0001,42027,1971,3,21.1,Y
IDCJAC0001,42027,1971,2,56.2,Y
IDCJAC0001,42027,1971,1,129,Y
IDCJAC0001,42027,1972,12,18,Y
IDCJAC0001,42027,1972,11,156,Y
IDCJAC0001,42027,1972,10,96.4,Y
IDCJAC0001,42027,1972,9,44.8,Y
IDCJAC0001,42027,1972,8,28.8,Y
IDCJAC0001,42027,1972,7,0,Y
IDCJAC0001,42027,1972,6,25.2,Y
IDCJAC0001,42027,1972,5,12.4,Y
IDCJAC0001,42027,1972,4,73.4,Y
IDCJAC0001,42027,1972,3,9.4,Y
IDCJAC0001,42027,1972,2,20.6,Y
IDCJAC0001,42027,1972,1,32.1,Y
IDCJAC0001,42027,1973,12,87.4,Y
IDCJAC0001,42027,1973,11,104.7,Y
IDCJAC0001,42027,1973,10,31.2,Y
IDCJAC0001,42027,1973,9,54.6,Y
IDCJAC0001,42027,1973,8,26.7,Y
IDCJAC0001,42027,1973,7,63.5,Y
IDCJAC0001,42027,1973,6,13.4,Y
IDCJAC0001,42027,1973,5,11.1,Y
IDCJAC0001,42027,1973,4,0,Y
IDCJAC0001,42027,1973,3,25.1,Y
IDCJAC0001,42027,1973,2,235.8,Y
IDCJAC0001,42027,1973,1,41.2,Y
IDCJAC0001,42027,1974,12,10.2,Y
IDCJAC0001,42027,1974,11,59,Y
IDCJAC0001,42027,1974,10,43.5,Y
IDCJAC0001,42027,1974,9,8,Y
IDCJAC0001,42027,1974,8,24.2,Y
IDCJAC0001,42027,1974,7,2.4,Y
IDCJAC0001,42027,1974,6,28.8,Y
IDCJAC0001,42027,1974,5,94.6,Y
IDCJAC0001,42027,1974,4,39.6,Y
IDCJAC0001,42027,1974,3,61.4,Y
IDCJAC0001,42027,1974,2,13,Y
IDCJAC0001,42027,1974,1,322,Y
IDCJAC0001,42027,1975,12,102.6,Y
IDCJAC0001,42027,1975,11,30,Y
IDCJAC0001,42027,1975,10,35.2,Y
IDCJAC0001,42027,1975,9,26,Y
IDCJAC0001,42027,1975,8,24.6,Y
IDCJAC0001,42027,1975,7,76,Y
IDCJAC0001,42027,1975,6,39.8,Y
IDCJAC0001,42027,1975,5,0,Y
IDCJAC0001,42027,1975,4,4,Y
IDCJAC0001,42027,1975,3,44,Y
IDCJAC0001,42027,1975,2,52.8,Y
IDCJAC0001,42027,1975,1,30.2,Y
IDCJAC0001,42027,1976,12,22,Y
IDCJAC0001,42027,1976,11,87.7,Y
IDCJAC0001,42027,1976,10,30.4,Y
IDCJAC0001,42027,1976,9,36.2,Y
IDCJAC0001,42027,1976,8,5.4,Y
IDCJAC0001,42027,1976,7,26.6,Y
IDCJAC0001,42027,1976,6,30.2,Y
IDCJAC0001,42027,1976,5,49.6,Y
IDCJAC0001,42027,1976,4,6.4,Y
IDCJAC0001,42027,1976,3,62.8,Y
IDCJAC0001,42027,1976,2,372.2,Y
IDCJAC0001,42027,1976,1,77.4,Y
IDCJAC0001,42027,1977,12,19,Y
IDCJAC0001,42027,1977,11,10.6,Y
IDCJAC0001,42027,1977,10,29.8,Y
IDCJAC0001,42027,1977,9,16.9,Y
IDCJAC0001,42027,1977,8,15.8,Y
IDCJAC0001,42027,1977,7,4.6,Y
IDCJAC0001,42027,1977,6,8.6,Y
IDCJAC0001,42027,1977,5,95.8,Y
IDCJAC0001,42027,1977,4,39,Y
IDCJAC0001,42027,1977,3,84.6,Y
IDCJAC0001,42027,1977,2,124.6,Y
IDCJAC0001,42027,1977,1,101,Y
IDCJAC0001,42027,1978,12,127.4,Y
IDCJAC0001,42027,1978,11,100,Y
IDCJAC0001,42027,1978,10,31.2,Y
IDCJAC0001,42027,1978,9,73.1,Y
IDCJAC0001,42027,1978,8,63.4,Y
IDCJAC0001,42027,1978,7,30.6,Y
IDCJAC0001,42027,1978,6,47.5,Y
IDCJAC0001,42027,1978,5,78.5,Y
IDCJAC0001,42027,1978,4,11,Y
IDCJAC0001,42027,1978,3,34.8,Y
IDCJAC0001,42027,1978,2,5.6,Y
IDCJAC0001,42027,1978,1,129.7,Y
IDCJAC0001,42027,1979,12,18.8,Y
IDCJAC0001,42027,1979,11,21.2,Y
IDCJAC0001,42027,1979,10,100.9,Y
IDCJAC0001,42027,1979,9,35.4,Y
IDCJAC0001,42027,1979,8,15.4,Y
IDCJAC0001,42027,1979,7,6.6,Y
IDCJAC0001,42027,1979,6,42.8,Y
IDCJAC0001,42027,1979,5,51,Y
IDCJAC0001,42027,1979,4,16.8,Y
IDCJAC0001,42027,1979,3,31.6,Y
IDCJAC0001,42027,1979,2,19.2,Y
IDCJAC0001,42027,1979,1,24.6,Y
IDCJAC0001,42027,1980,12,124.2,Y
IDCJAC0001,42027,1980,11,16.4,Y
IDCJAC0001,42027,1980,10,43.7,Y
IDCJAC0001,42027,1980,9,0.8,Y
IDCJAC0001,42027,1980,8,7.4,Y
IDCJAC0001,42027,1980,7,14.6,Y
IDCJAC0001,42027,1980,6,4.4,Y
IDCJAC0001,42027,1980,5,31.6,Y
IDCJAC0001,42027,1980,4,3,Y
IDCJAC0001,42027,1980,3,9.8,Y
IDCJAC0001,42027,1980,2,5.6,Y
IDCJAC0001,42027,1980,1,35.8,Y
IDCJAC0001,42027,1981,12,54.2,Y
IDCJAC0001,42027,1981,11,72.4,Y
IDCJAC0001,42027,1981,10,48,Y
IDCJAC0001,42027,1981,9,3.8,Y
IDCJAC0001,42027,1981,8,15,Y
IDCJAC0001,42027,1981,7,80.6,Y
IDCJAC0001,42027,1981,6,60.9,Y
IDCJAC0001,42027,1981,5,52.2,Y
IDCJAC0001,42027,1981,4,22.2,Y
IDCJAC0001,42027,1981,3,3.8,Y
IDCJAC0001,42027,1981,2,45.2,Y
IDCJAC0001,42027,1981,1,6.9,Y
IDCJAC0001,42027,1982,12,78,Y
IDCJAC0001,42027,1982,11,1.4,Y
IDCJAC0001,42027,1982,10,45.6,Y
IDCJAC0001,42027,1982,9,22.2,Y
IDCJAC0001,42027,1982,8,19.2,Y
IDCJAC0001,42027,1982,7,31.4,Y
IDCJAC0001,42027,1982,6,0,Y
IDCJAC0001,42027,1982,5,6.4,Y
IDCJAC0001,42027,1982,4,6,Y
IDCJAC0001,42027,1982,3,160.5,Y
IDCJAC0001,42027,1982,2,13,Y
IDCJAC0001,42027,1982,1,117.8,Y
IDCJAC0001,42027,1983,12,56.2,Y
IDCJAC0001,42027,1983,11,170.2,Y
IDCJAC0001,42027,1983,10,64,Y
IDCJAC0001,42027,1983,9,39.2,Y
IDCJAC0001,42027,1983,8,36,Y
IDCJAC0001,42027,1983,7,16.4,Y
IDCJAC0001,42027,1983,6,82.2,Y
IDCJAC0001,42027,1983,5,143.6,Y
IDCJAC0001,42027,1983,4,135,Y
IDCJAC0001,42027,1983,3,19.9,Y
IDCJAC0001,42027,1983,2,13.8,Y
IDCJAC0001,42027,1983,1,70.9,Y
IDCJAC0001,42027,1984,12,48.2,Y
IDCJAC0001,42027,1984,11,20,Y
IDCJAC0001,42027,1984,10,66.6,Y
IDCJAC0001,42027,1984,9,42,Y
IDCJAC0001,42027,1984,8,13.2,Y
IDCJAC0001,42027,1984,7,135,Y
IDCJAC0001,42027,1984,6,80.2,Y
IDCJAC0001,42027,1984,5,9.6,Y
IDCJAC0001,42027,1984,4,110.8,Y
IDCJAC0001,42027,1984,3,22.4,Y
IDCJAC0001,42027,1984,2,88.2,Y
IDCJAC0001,42027,1984,1,217,Y
IDCJAC0001,42027,1985,12,94,Y
IDCJAC0001,42027,1985,11,69.6,Y
IDCJAC0001,42027,1985,10,84.2,Y
IDCJAC0001,42027,1985,9,24,Y
IDCJAC0001,42027,1985,8,64.2,Y
IDCJAC0001,42027,1985,7,108.9,Y
IDCJAC0001,42027,1985,6,7.5,Y
IDCJAC0001,42027,1985,5,9.6,Y
IDCJAC0001,42027,1985,4,15,Y
IDCJAC0001,42027,1985,3,29.1,Y
IDCJAC0001,42027,1985,2,14,Y
IDCJAC0001,42027,1985,1,2,Y
IDCJAC0001,42027,1986,12,15,Y
IDCJAC0001,42027,1986,11,102.6,Y
IDCJAC0001,42027,1986,10,42.8,Y
IDCJAC0001,42027,1986,9,48.6,Y
IDCJAC0001,42027,1986,8,34,Y
IDCJAC0001,42027,1986,7,55.4,Y
IDCJAC0001,42027,1986,6,0,Y
IDCJAC0001,42027,1986,5,67,Y
IDCJAC0001,42027,1986,4,4.8,Y
IDCJAC0001,42027,1986,3,0,Y
IDCJAC0001,42027,1986,2,32,Y
IDCJAC0001,42027,1986,1,18.6,Y
IDCJAC0001,42027,1987,12,57.4,Y
IDCJAC0001,42027,1987,11,66.6,Y
IDCJAC0001,42027,1987,10,76,Y
IDCJAC0001,42027,1987,9,6,Y
IDCJAC0001,42027,1987,8,57.5,Y
IDCJAC0001,42027,1987,7,33.6,Y
IDCJAC0001,42027,1987,6,27.4,Y
IDCJAC0001,42027,1987,5,86.2,Y
IDCJAC0001,42027,1987,4,0,Y
IDCJAC0001,42027,1987,3,13.1,Y
IDCJAC0001,42027,1987,2,32.5,Y
IDCJAC0001,42027,1987,1,81.7,Y
IDCJAC0001,42027,1988,12,31.2,Y
IDCJAC0001,42027,1988,11,66,Y
IDCJAC0001,42027,1988,10,4.4,Y
IDCJAC0001,42027,1988,9,66.1,Y
IDCJAC0001,42027,1988,8,24.6,Y
IDCJAC0001,42027,1988,7,54.6,Y
IDCJAC0001,42027,1988,6,5.8,Y
IDCJAC0001,42027,1988,5,6.4,Y
IDCJAC0001,42027,1988,4,298.3,Y
IDCJAC0001,42027,1988,3,6,Y
IDCJAC0001,42027,1988,2,112.2,Y
IDCJAC0001,42027,1988,1,70.4,Y
IDCJAC0001,42027,1989,12,15,Y
IDCJAC0001,42027,1989,11,86.6,Y
IDCJAC0001,42027,1989,10,37.5,Y
IDCJAC0001,42027,1989,9,0,Y
IDCJAC0001,42027,1989,8,3,Y
IDCJAC0001,42027,1989,7,30,Y
IDCJAC0001,42027,1989,6,40.3,Y
IDCJAC0001,42027,1989,5,70.2,Y
IDCJAC0001,42027,1989,4,75,Y
IDCJAC0001,42027,1989,3,134.6,Y
IDCJAC0001,42027,1989,2,6.6,Y
IDCJAC0001,42027,1989,1,60,Y
IDCJAC0001,42027,1990,12,44.6,Y
IDCJAC0001,42027,1990,11,0.4,Y
IDCJAC0001,42027,1990,10,14,Y
IDCJAC0001,42027,1990,9,20.4,Y
IDCJAC0001,42027,1990,8,8.6,Y
IDCJAC0001,42027,1990,7,36.8,Y
IDCJAC0001,42027,1990,6,31,Y
IDCJAC0001,42027,1990,5,60.8,Y
IDCJAC0001,42027,1990,4,129.5,Y
IDCJAC0001,42027,1990,3,65.4,Y
IDCJAC0001,42027,1990,2,39,Y
IDCJAC0001,42027,1990,1,68.2,Y
IDCJAC0001,42027,1991,12,60.8,Y
IDCJAC0001,42027,1991,11,62,Y
IDCJAC0001,42027,1991,10,8.2,Y
IDCJAC0001,42027,1991,9,1,Y
IDCJAC0001,42027,1991,8,0,Y
IDCJAC0001,42027,1991,7,31.4,Y
IDCJAC0001,42027,1991,6,17.8,Y
IDCJAC0001,42027,1991,5,96,Y
IDCJAC0001,42027,1991,4,0,Y
IDCJAC0001,42027,1991,3,15.4,Y
IDCJAC0001,42027,1991,2,104,Y
IDCJAC0001,42027,1991,1,173.6,Y
IDCJAC0001,42027,1992,12,86.4,Y
IDCJAC0001,42027,1992,11,16.8,Y
IDCJAC0001,42027,1992,10,43.6,Y
IDCJAC0001,42027,1992,9,9.8,Y
IDCJAC0001,42027,1992,8,50.6,Y
IDCJAC0001,42027,1992,7,52.2,Y
IDCJAC0001,42027,1992,6,2.6,Y
IDCJAC0001,42027,1992,5,18.4,Y
IDCJAC0001,42027,1992,4,18,Y
IDCJAC0001,42027,1992,3,5.4,Y
IDCJAC0001,42027,1992,2,89,Y
IDCJAC0001,42027,1992,1,44.2,Y
IDCJAC0001,42027,1993,12,71,Y
IDCJAC0001,42027,1993,11,18.6,Y
IDCJAC0001,42027,1993,10,41.8,Y
IDCJAC0001,42027,1993,9,37.2,Y
IDCJAC0001,42027,1993,8,34.2,Y
IDCJAC0001,42027,1993,7,82,Y
IDCJAC0001,42027,1993,6,60.2,Y
IDCJAC0001,42027,1993,5,21.2,Y
IDCJAC0001,42027,1993,4,0,Y
IDCJAC0001,42027,1993,3,16.6,Y
IDCJAC0001,42027,1993,2,60.2,Y
IDCJAC0001,42027,1993,1,66.2,Y
IDCJAC0001,42027,1994,12,32,Y
IDCJAC0001,42027,1994,11,39.2,Y
IDCJAC0001,42027,1994,10,28,Y
IDCJAC0001,42027,1994,9,5,Y
IDCJAC0001,42027,1994,8,13,Y
IDCJAC0001,42027,1994,7,3.5,Y
IDCJAC0001,42027,1994,6,3.5,Y
IDCJAC0001,42027,1994,5,0,Y
IDCJAC0001,42027,1994,4,0,Y
IDCJAC0001,42027,1994,3,43.2,Y
IDCJAC0001,42027,1994,2,157.4,Y
IDCJAC0001,42027,1994,1,16,Y
IDCJAC0001,42027,1995,12,61.5,Y
IDCJAC0001,42027,1995,11,196.3,Y
IDCJAC0001,42027,1995,10,36.6,Y
IDCJAC0001,42027,1995,9,27.4,Y
IDCJAC0001,42027,1995,8,2,Y
IDCJAC0001,42027,1995,7,3,Y
IDCJAC0001,42027,1995,6,43.3,Y
IDCJAC0001,42027,1995,5,34.6,Y
IDCJAC0001,42027,1995,4,0,Y
IDCJAC0001,42027,1995,3,18,Y
IDCJAC0001,42027,1995,2,69.7,Y
IDCJAC0001,42027,1995,1,164.8,Y
IDCJAC0001,42027,1996,12,114.8,Y
IDCJAC0001,42027,1996,11,29.8,Y
IDCJAC0001,42027,1996,10,37,Y
IDCJAC0001,42027,1996,9,22.6,Y
IDCJAC0001,42027,1996,8,36.2,Y
IDCJAC0001,42027,1996,7,39.9,Y
IDCJAC0001,42027,1996,6,24.2,Y
IDCJAC0001,42027,1996,5,104.5,Y
IDCJAC0001,42027,1996,4,38.7,Y
IDCJAC0001,42027,1996,3,12.7,Y
IDCJAC0001,42027,1996,2,27,Y
IDCJAC0001,42027,1996,1,269.3,Y
IDCJAC0001,42027,1997,12,102.2,Y
IDCJAC0001,42027,1997,11,57.1,Y
IDCJAC0001,42027,1997,10,45.6,Y
IDCJAC0001,42027,1997,9,17.3,Y
IDCJAC0001,42027,1997,8,1.9,Y
IDCJAC0001,42027,1997,7,0,Y
IDCJAC0001,42027,1997,6,15.4,Y
IDCJAC0001,42027,1997,5,46.1,Y
IDCJAC0001,42027,1997,4,0,Y
IDCJAC0001,42027,1997,3,30,Y
IDCJAC0001,42027,1997,2,142.8,Y
IDCJAC0001,42027,1997,1,136.6,Y
IDCJAC0001,42027,1998,12,38,Y
IDCJAC0001,42027,1998,11,31.6,Y
IDCJAC0001,42027,1998,10,83,Y
IDCJAC0001,42027,1998,9,85.6,Y
IDCJAC0001,42027,1998,8,139.2,Y
IDCJAC0001,42027,1998,7,99,Y
IDCJAC0001,42027,1998,6,67.4,Y
IDCJAC0001,42027,1998,5,78.2,Y
IDCJAC0001,42027,1998,4,38.3,Y
IDCJAC0001,42027,1998,3,10.3,Y
IDCJAC0001,42027,1998,2,87.3,Y
IDCJAC0001,42027,1998,1,17.6,Y
IDCJAC0001,42027,1999,12,74.8,Y
IDCJAC0001,42027,1999,11,106.7,Y
IDCJAC0001,42027,1999,10,47.2,Y
IDCJAC0001,42027,1999,8,26.8,Y
IDCJAC0001,42027,1999,7,53.1,Y
IDCJAC0001,42027,1999,6,46,Y
IDCJAC0001,42027,1999,5,2.4,Y
IDCJAC0001,42027,1999,4,22.9,Y
IDCJAC0001,42027,1999,3,116.8,Y
IDCJAC0001,42027,1999,2,21.4,Y
IDCJAC0001,42027,1999,1,147.6,Y
IDCJAC0001,42027,2000,12,2,Y
IDCJAC0001,42027,2000,11,161,Y
IDCJAC0001,42027,2000,10,76.1,Y
IDCJAC0001,42027,2000,9,2.4,Y
IDCJAC0001,42027,2000,8,7.6,Y
IDCJAC0001,42027,2000,6,11.4,Y
IDCJAC0001,42027,2000,5,17,Y
IDCJAC0001,42027,2000,4,18.4,Y
IDCJAC0001,42027,2000,3,185.1,Y
IDCJAC0001,42027,2000,2,69.4,Y
IDCJAC0001,42027,2000,1,82.6,Y
IDCJAC0001,42027,2001,12,30.8,Y
IDCJAC0001,42027,2001,11,96.8,Y
IDCJAC0001,42027,2001,10,54.9,Y
IDCJAC0001,42027,2001,9,7.5,Y
IDCJAC0001,42027,2001,8,4.4,Y
IDCJAC0001,42027,2001,7,89.2,Y
IDCJAC0001,42027,2001,5,29.4,Y
IDCJAC0001,42027,2001,4,10.6,Y
IDCJAC0001,42027,2001,3,70.2,Y
IDCJAC0001,42027,2001,1,101.8,Y
IDCJAC0001,42027,2002,12,105.8,Y
IDCJAC0001,42027,2002,11,11.4,Y
IDCJAC0001,42027,2002,10,40.5,Y
IDCJAC0001,42027,2002,9,12.3,Y
IDCJAC0001,42027,2002,8,48.6,Y
IDCJAC0001,42027,2002,7,7.2,Y
IDCJAC0001,42027,2002,6,12.6,Y
IDCJAC0001,42027,2002,5,2.6,Y
IDCJAC0001,42027,2002,4,0,Y
IDCJAC0001,42027,2002,3,44.9,Y
IDCJAC0001,42027,2002,2,65.4,Y
IDCJAC0001,42027,2002,1,2.6,Y
IDCJAC0001,42027,2003,12,101.5,Y
IDCJAC0001,42027,2003,11,15.1,Y
IDCJAC0001,42027,2003,10,62.3,Y
IDCJAC0001,42027,2003,9,0,Y
IDCJAC0001,42027,2003,8,28.2,Y
IDCJAC0001,42027,2003,7,32.6,Y
IDCJAC0001,42027,2003,6,45,Y
IDCJAC0001,42027,2003,5,0,Y
IDCJAC0001,42027,2003,4,63.2,Y
IDCJAC0001,42027,2003,3,12.8,Y
IDCJAC0001,42027,2003,2,51.2,Y
IDCJAC0001,42027,2003,1,13,Y
IDCJAC0001,42027,2004,12,99,Y
IDCJAC0001,42027,2004,11,145.7,Y
IDCJAC0001,42027,2004,10,25.3,Y
IDCJAC0001,42027,2004,9,63.2,Y
IDCJAC0001,42027,2004,8,15,Y
IDCJAC0001,42027,2004,7,12,Y
IDCJAC0001,42027,2004,6,4.6,Y
IDCJAC0001,42027,2004,5,14,Y
IDCJAC0001,42027,2004,4,34,Y
IDCJAC0001,42027,2004,3,208.2,Y
IDCJAC0001,42027,2004,2,46.6,Y
IDCJAC0001,42027,2005,12,81.2,Y
IDCJAC0001,42027,2005,11,45.4,Y
IDCJAC0001,42027,2005,10,65.2,Y
IDCJAC0001,42027,2005,9,6.8,Y
IDCJAC0001,42027,2005,8,9.5,Y
IDCJAC0001,42027,2005,7,0,Y
IDCJAC0001,42027,2005,5,57.8,Y
IDCJAC0001,42027,2005,4,0,Y
IDCJAC0001,42027,2005,3,32.8,Y
IDCJAC0001,42027,2005,2,13.6,Y
IDCJAC0001,42027,2005,1,55.5,Y
IDCJAC0001,42027,2006,12,15.6,Y
IDCJAC0001,42027,2006,11,24.8,Y
IDCJAC0001,42027,2006,10,3.6,Y
IDCJAC0001,42027,2006,9,36,Y
IDCJAC0001,42027,2006,8,8.2,Y
IDCJAC0001,42027,2006,7,27,Y
IDCJAC0001,42027,2006,6,26.8,Y
IDCJAC0001,42027,2006,5,5,Y
IDCJAC0001,42027,2006,4,18.6,Y
IDCJAC0001,42027,2006,3,47.4,Y
IDCJAC0001,42027,2006,2,84.6,Y
IDCJAC0001,42027,2006,1,45.8,Y
IDCJAC0001,42027,2007,11,70.8,Y
IDCJAC0001,42027,2007,10,25.2,Y
IDCJAC0001,42027,2007,9,0,Y
IDCJAC0001,42027,2007,8,38.6,Y
IDCJAC0001,42027,2007,7,0,Y
IDCJAC0001,42027,2007,6,29.4,Y
IDCJAC0001,42027,2007,5,13.4,Y
IDCJAC0001,42027,2007,4,10.8,Y
IDCJAC0001,42027,2007,3,47.4,Y
IDCJAC0001,42027,2007,2,36.2,Y
IDCJAC0001,42027,2007,1,45.2,Y
IDCJAC0001,42027,2008,12,57.2,Y
IDCJAC0001,42027,2008,11,61.7,Y
IDCJAC0001,42027,2008,10,25,Y
IDCJAC0001,42027,2008,9,101.6,Y
IDCJAC0001,42027,2008,8,15.5,Y
IDCJAC0001,42027,2008,7,56.8,Y
IDCJAC0001,42027,2008,6,45.6,Y
IDCJAC0001,42027,2008,5,3,Y
IDCJAC0001,42027,2008,4,0,Y
IDCJAC0001,42027,2008,3,0,Y
IDCJAC0001,42027,2008,2,111.4,Y
IDCJAC0001,42027,2008,1,62.8,Y
IDCJAC0001,42027,2009,12,137,Y
IDCJAC0001,42027,2009,11,28,Y
IDCJAC0001,42027,2009,10,4.6,Y
IDCJAC0001,42027,2009,9,35.2,Y
IDCJAC0001,42027,2009,8,0,Y
IDCJAC0001,42027,2009,7,11.6,Y
IDCJAC0001,42027,2009,6,8.8,Y
IDCJAC0001,42027,2009,5,83.2,Y
IDCJAC0001,42027,2009,3,0,Y
IDCJAC0001,42027,2009,2,99.6,Y
IDCJAC0001,42027,2009,1,75.6,Y
IDCJAC0001,42027,2010,12,72.2,Y
IDCJAC0001,42027,2010,11,144.6,Y
IDCJAC0001,42027,2010,9,70,Y
IDCJAC0001,42027,2010,8,43.8,Y
IDCJAC0001,42027,2010,7,69.8,Y
IDCJAC0001,42027,2010,6,10.2,Y
IDCJAC0001,42027,2010,5,19.8,Y
IDCJAC0001,42027,2010,4,0,Y
IDCJAC0001,42027,2010,3,206.8,Y
IDCJAC0001,42027,2010,2,83.8,Y
IDCJAC0001,42027,2010,1,15.4,Y
IDCJAC0001,42027,2011,12,226,Y
IDCJAC0001,42027,2011,11,132,Y
IDCJAC0001,42027,2011,10,26.8,Y
IDCJAC0001,42027,2011,9,66,Y
IDCJAC0001,42027,2011,8,23.4,Y
IDCJAC0001,42027,2011,7,21.2,Y
IDCJAC0001,42027,2011,6,13.4,Y
IDCJAC0001,42027,2011,5,16.2,Y
IDCJAC0001,42027,2011,4,25.2,Y
IDCJAC0001,42027,2011,3,39.4,Y
IDCJAC0001,42027,2011,2,25.2,Y
IDCJAC0001,42027,2011,1,111.4,Y
IDCJAC0001,42027,2012,12,23.4,Y
IDCJAC0001,42027,2012,11,34.2,Y
IDCJAC0001,42027,2012,10,10.4,Y
IDCJAC0001,42027,2012,9,13.4,Y
IDCJAC0001,42027,2012,8,5.8,Y
IDCJAC0001,42027,2012,7,38,Y
IDCJAC0001,42027,2012,6,24.6,Y
IDCJAC0001,42027,2012,5,35.4,Y
IDCJAC0001,42027,2012,4,0.8,Y
IDCJAC0001,42027,2012,3,36.2,Y
IDCJAC0001,42027,2012,1,64,Y
IDCJAC0001,42027,2013,12,0,Y
IDCJAC0001,42027,2013,11,67,Y
IDCJAC0001,42027,2013,10,2,Y
IDCJAC0001,42027,2013,9,21.8,Y
IDCJAC0001,42027,2013,8,10.4,Y
IDCJAC0001,42027,2013,7,27.6,Y
IDCJAC0001,42027,2013,6,35.6,Y
IDCJAC0001,42027,2013,5,24.4,Y
IDCJAC0001,42027,2013,4,0,Y
IDCJAC0001,42027,2013,3,139.3,Y
IDCJAC0001,42027,2013,2,18.6,Y
IDCJAC0001,42027,2013,1,128,Y
IDCJAC0001,42027,2014,11,6,N
IDCJAC0001,42027,2014,9,14,N
IDCJAC0001,42027,2014,8,28,N
IDCJAC0001,42027,2014,7,3,Y
IDCJAC0001,42027,2014,6,18.4,Y
IDCJAC0001,42027,2014,5,8,Y
IDCJAC0001,42027,2014,4,0.6,Y
IDCJAC0001,42027,2014,3,137,Y
IDCJAC0001,42027,2014,2,34.6,Y
IDCJAC0001,42027,2014,1,15.4,Y
IDCJAC0001,42027,2015,11,11,N
IDCJAC0001,42027,2015,10,4.6,N
IDCJAC0001,42027,2015,8,9.2,N
IDCJAC0001,42027,2015,6,72,N
IDCJAC0001,42027,2015,5,15.6,Y
IDCJAC0001,42027,2015,4,92.2,Y
IDCJAC0001,42027,2015,3,41.6,Y
IDCJAC0001,42027,2015,2,9.8,Y
IDCJAC0001,42027,2015,1,135.4,N
IDCJAC0001,42027,2016,10,46.6,N
IDCJAC0001,42027,2016,9,113.2,N
IDCJAC0001,42027,2016,8,54.6,N
IDCJAC0001,42027,2016,7,23,N
IDCJAC0001,42027,2016,6,79.4,N
IDCJAC0001,42027,2016,5,12.6,N
IDCJAC0001,42027,2016,4,40.6,N
IDCJAC0001,42027,2016,3,23,N
IDCJAC0001,42027,2016,2,23.8,N
IDCJAC0001,42027,2016,1,75,N
IDCJAC0001,42027,2017,12,21.2,N
IDCJAC0001,42027,2017,11,91,N
IDCJAC0001,42027,2017,10,128,N
IDCJAC0001,42027,2017,8,9.4,N
IDCJAC0001,42027,2017,7,5.5,Y
IDCJAC0001,42027,2017,6,0,Y
IDCJAC0001,42027,2017,5,14.4,Y
IDCJAC0001,42027,2017,4,47.8,Y
IDCJAC0001,42027,2017,3,143.4,Y
IDCJAC0001,42027,2017,2,15.4,Y
IDCJAC0001,42027,2017,1,12.6,Y
IDCJAC0001,42027,2018,12,8.6,N
IDCJAC0001,42027,2018,11,9,N
IDCJAC0001,42027,2018,10,80.4,N
IDCJAC0001,42027,2018,9,1.6,N
IDCJAC0001,42027,2018,8,52,N
IDCJAC0001,42027,2018,6,4,N
IDCJAC0001,42027,2018,4,56,N
IDCJAC0001,42027,2018,3,39.4,N
IDCJAC0001,42027,2018,2,87,N
IDCJAC0001,42027,2018,1,2,N
IDCJAC0001,42027,2019,3,95,N
IDCJAC0001,42027,2019,2,10,N
IDCJAC0001,42027,2020,12,12,Y
IDCJAC0001,42027,2020,11,0,Y
IDCJAC0001,42027,2020,10,15.4,Y
IDCJAC0001,42027,2020,9,20.4,Y
IDCJAC0001,42027,2020,8,40.8,Y
IDCJAC0001,42027,2020,7,12.8,Y
IDCJAC0001,42027,2020,6,15,N
IDCJAC0001,42027,2020,5,17,Y
IDCJAC0001,42027,2020,4,0,N
IDCJAC0001,42027,2020,3,75.4,N
IDCJAC0001,42027,2020,2,144.4,N
IDCJAC0001,42027,2020,1,71.8,N
IDCJAC0001,42027,2021,12,60.3,N
IDCJAC0001,42027,2021,11,67.1,N
IDCJAC0001,42027,2021,10,25,N
IDCJAC0001,42027,2021,9,7,Y
IDCJAC0001,42027,2021,8,16,Y
IDCJAC0001,42027,2021,7,53.6,N
IDCJAC0001,42027,2021,6,6.4,N
IDCJAC0001,42027,2021,5,24,N
IDCJAC0001,42027,2021,4,20,N
IDCJAC0001,42027,2021,3,243.3,N
IDCJAC0001,42027,2021,2,106,N
IDCJAC0001,42027,2021,1,16.8,N
